2024/12/17 08:41:21.632 [AWT-EventQueue-0] INFO   cgdp.corealign.DomCluster domNo=0, name=LCACT_RS08965, spec=gm05066
2024/12/17 08:41:21.646 [AWT-EventQueue-0] INFO   cgdp.corealign.DomCluster clustid=646, order=0, coreidx1=1091, coreidx2=1091
2024/12/17 08:41:21.646 [AWT-EventQueue-0] INFO   cgdp.corealign.DomCluster domNo=0, name=BGL52_RS08455, spec=gm08549
2024/12/17 08:41:21.646 [AWT-EventQueue-0] INFO   cgdp.corealign.DomCluster clustid=646, order=0, coreidx1=1091, coreidx2=1091
2024/12/17 08:41:21.646 [AWT-EventQueue-0] INFO   cgdp.corealign.DomCluster domNo=0, name=DYY97_RS07795, spec=gm10478
2024/12/17 08:41:21.646 [AWT-EventQueue-0] INFO   cgdp.corealign.DomCluster clustid=646, order=0, coreidx1=1091, coreidx2=1091
2024/12/17 08:41:21.646 [AWT-EventQueue-0] INFO   cgdp.corealign.DomCluster domNo=0, name=LCABL_RS09045, spec=lcb
2024/12/17 08:41:21.646 [AWT-EventQueue-0] INFO   cgdp.corealign.DomCluster clustid=646, order=0, coreidx1=1091, coreidx2=1091
2024/12/17 08:41:21.646 [AWT-EventQueue-0] INFO   cgdp.corealign.DomCluster domNo=0, name=BN194_RS09075, spec=lcw
2024/12/17 08:41:21.646 [AWT-EventQueue-0] INFO   cgdp.corealign.DomCluster clustid=646, order=0, coreidx1=1091, coreidx2=1091
2024/12/17 08:41:21.646 [AWT-EventQueue-0] INFO   cgdp.corealign.DomCluster domNo=0, name=LCA12A_RS07990, spec=lcx
2024/12/17 08:41:21.646 [AWT-EventQueue-0] INFO   cgdp.corealign.DomCluster clustid=646, order=0, coreidx1=1091, coreidx2=1091
2024/12/17 08:41:21.646 [AWT-EventQueue-0] INFO   cgdp.corealign.Cluster Cluster id=1583, name=1583
2024/12/17 08:41:21.646 [AWT-EventQueue-0] INFO   cgdp.corealign.DomCluster domNo=0, name=LBCZ_RS08285, spec=gm04274
2024/12/17 08:41:21.646 [AWT-EventQueue-0] INFO   cgdp.corealign.DomCluster clustid=1583, order=0, coreidx1=1174, coreidx2=1174
2024/12/17 08:41:21.646 [AWT-EventQueue-0] INFO   cgdp.corealign.DomCluster domNo=0, name=LCYAK_RS09235, spec=gm05061
2024/12/17 08:41:21.646 [AWT-EventQueue-0] INFO   cgdp.corealign.DomCluster clustid=1583, order=0, coreidx1=1174, coreidx2=1174
2024/12/17 08:41:21.646 [AWT-EventQueue-0] INFO   cgdp.corealign.DomCluster domNo=0, name=LCACT_RS09415, spec=gm05066
2024/12/17 08:41:21.646 [AWT-EventQueue-0] INFO   cgdp.corealign.DomCluster clustid=1583, order=0, coreidx1=1174, coreidx2=1174
2024/12/17 08:41:21.646 [AWT-EventQueue-0] INFO   cgdp.corealign.DomCluster domNo=0, name=BGL52_RS08955, spec=gm08549
2024/12/17 08:41:21.646 [AWT-EventQueue-0] INFO   cgdp.corealign.DomCluster clustid=1583, order=0, coreidx1=1174, coreidx2=1174
2024/12/17 08:41:21.646 [AWT-EventQueue-0] INFO   cgdp.corealign.DomCluster domNo=0, name=DYY97_RS08265, spec=gm10478
2024/12/17 08:41:21.646 [AWT-EventQueue-0] INFO   cgdp.corealign.DomCluster clustid=1583, order=0, coreidx1=1174, coreidx2=1174
2024/12/17 08:41:21.646 [AWT-EventQueue-0] INFO   cgdp.corealign.DomCluster domNo=0, name=LCABL_RS09495, spec=lcb
2024/12/17 08:41:21.647 [AWT-EventQueue-0] INFO   cgdp.corealign.DomCluster clustid=1583, order=0, coreidx1=1174, coreidx2=1174
2024/12/17 08:41:21.647 [AWT-EventQueue-0] INFO   cgdp.corealign.DomCluster domNo=0, name=BN194_RS09530, spec=lcw
2024/12/17 08:41:21.647 [AWT-EventQueue-0] INFO   cgdp.corealign.DomCluster clustid=1583, order=0, coreidx1=1174, coreidx2=1174
2024/12/17 08:41:21.647 [AWT-EventQueue-0] INFO   cgdp.corealign.DomCluster domNo=0, name=LCA12A_RS08435, spec=lcx
2024/12/17 08:41:21.647 [AWT-EventQueue-0] INFO   cgdp.corealign.DomCluster clustid=1583, order=0, coreidx1=1174, coreidx2=1174
2024/12/17 08:41:21.647 [AWT-EventQueue-0] INFO   cgdp.corealign.Cluster Cluster id=1739, name=1739
2024/12/17 08:41:21.647 [AWT-EventQueue-0] INFO   cgdp.corealign.DomCluster domNo=0, name=LBCZ_RS08360, spec=gm04274
2024/12/17 08:41:21.647 [AWT-EventQueue-0] INFO   cgdp.corealign.DomCluster clustid=1739, order=0, coreidx1=1186, coreidx2=1186
2024/12/17 08:41:21.647 [AWT-EventQueue-0] INFO   cgdp.corealign.DomCluster domNo=0, name=LCYAK_RS09300, spec=gm05061
2024/12/17 08:41:21.647 [AWT-EventQueue-0] INFO   cgdp.corealign.DomCluster clustid=1739, order=0, coreidx1=1186, coreidx2=1186
2024/12/17 08:41:21.647 [AWT-EventQueue-0] INFO   cgdp.corealign.DomCluster domNo=0, name=LCACT_RS09480, spec=gm05066
2024/12/17 08:41:21.647 [AWT-EventQueue-0] INFO   cgdp.corealign.DomCluster clustid=1739, order=0, coreidx1=1186, coreidx2=1186
2024/12/17 08:41:21.647 [AWT-EventQueue-0] INFO   cgdp.corealign.DomCluster domNo=0, name=BGL52_RS09025, spec=gm08549
2024/12/17 08:41:21.647 [AWT-EventQueue-0] INFO   cgdp.corealign.DomCluster clustid=1739, order=0, coreidx1=1186, coreidx2=1186
2024/12/17 08:41:21.647 [AWT-EventQueue-0] INFO   cgdp.corealign.DomCluster domNo=0, name=DYY97_RS08330, spec=gm10478
2024/12/17 08:41:21.647 [AWT-EventQueue-0] INFO   cgdp.corealign.DomCluster clustid=1739, order=0, coreidx1=1186, coreidx2=1186
2024/12/17 08:41:21.647 [AWT-EventQueue-0] INFO   cgdp.corealign.DomCluster domNo=0, name=LCABL_RS09560, spec=lcb
2024/12/17 08:41:21.647 [AWT-EventQueue-0] INFO   cgdp.corealign.DomCluster clustid=1739, order=0, coreidx1=1186, coreidx2=1186
2024/12/17 08:41:21.647 [AWT-EventQueue-0] INFO   cgdp.corealign.DomCluster domNo=0, name=BN194_RS09595, spec=lcw
2024/12/17 08:41:21.647 [AWT-EventQueue-0] INFO   cgdp.corealign.DomCluster clustid=1739, order=0, coreidx1=1186, coreidx2=1186
2024/12/17 08:41:21.647 [AWT-EventQueue-0] INFO   cgdp.corealign.DomCluster domNo=0, name=LCA12A_RS08500, spec=lcx
2024/12/17 08:41:21.647 [AWT-EventQueue-0] INFO   cgdp.corealign.DomCluster clustid=1739, order=0, coreidx1=1186, coreidx2=1186
2024/12/17 08:41:21.647 [AWT-EventQueue-0] INFO   cgdp.corealign.Cluster Cluster id=1677, name=1677
2024/12/17 08:41:21.647 [AWT-EventQueue-0] INFO   cgdp.corealign.DomCluster domNo=0, name=LBCZ_RS08320, spec=gm04274
2024/12/17 08:41:21.647 [AWT-EventQueue-0] INFO   cgdp.corealign.DomCluster clustid=1677, order=0, coreidx1=1179, coreidx2=1179
2024/12/17 08:41:21.647 [AWT-EventQueue-0] INFO   cgdp.corealign.DomCluster domNo=0, name=LCYAK_RS09265, spec=gm05061
2024/12/17 08:41:21.647 [AWT-EventQueue-0] INFO   cgdp.corealign.DomCluster clustid=1677, order=0, coreidx1=1179, coreidx2=1179
2024/12/17 08:41:21.647 [AWT-EventQueue-0] INFO   cgdp.corealign.DomCluster domNo=0, name=LCACT_RS09445, spec=gm05066
2024/12/17 08:41:21.647 [AWT-EventQueue-0] INFO   cgdp.corealign.DomCluster clustid=1677, order=0, coreidx1=1179, coreidx2=1179
2024/12/17 08:41:21.647 [AWT-EventQueue-0] INFO   cgdp.corealign.DomCluster domNo=0, name=BGL52_RS08985, spec=gm08549
2024/12/17 08:41:21.647 [AWT-EventQueue-0] INFO   cgdp.corealign.DomCluster clustid=1677, order=0, coreidx1=1179, coreidx2=1179
2024/12/17 08:41:21.647 [AWT-EventQueue-0] INFO   cgdp.corealign.DomCluster domNo=0, name=DYY97_RS08295, spec=gm10478
2024/12/17 08:41:21.647 [AWT-EventQueue-0] INFO   cgdp.corealign.DomCluster clustid=1677, order=0, coreidx1=1179, coreidx2=1179
2024/12/17 08:41:21.647 [AWT-EventQueue-0] INFO   cgdp.corealign.DomCluster domNo=0, name=LCABL_RS09525, spec=lcb
2024/12/17 08:41:21.647 [AWT-EventQueue-0] INFO   cgdp.corealign.DomCluster clustid=1677, order=0, coreidx1=1179, coreidx2=1179
2024/12/17 08:41:21.647 [AWT-EventQueue-0] INFO   cgdp.corealign.DomCluster domNo=0, name=BN194_RS09560, spec=lcw
2024/12/17 08:41:21.648 [AWT-EventQueue-0] INFO   cgdp.corealign.DomCluster clustid=1677, order=0, coreidx1=1179, coreidx2=1179
2024/12/17 08:41:21.648 [AWT-EventQueue-0] INFO   cgdp.corealign.DomCluster domNo=0, name=LCA12A_RS08465, spec=lcx
2024/12/17 08:41:21.648 [AWT-EventQueue-0] INFO   cgdp.corealign.DomCluster clustid=1677, order=0, coreidx1=1179, coreidx2=1179
2024/12/17 08:41:21.648 [AWT-EventQueue-0] INFO   cgdp.corealign.Cluster Cluster id=2402, name=2402
2024/12/17 08:41:21.648 [AWT-EventQueue-0] INFO   cgdp.corealign.DomCluster domNo=0, name=LBCZ_RS08365, spec=gm04274
2024/12/17 08:41:21.648 [AWT-EventQueue-0] INFO   cgdp.corealign.DomCluster clustid=2402, order=0, coreidx1=1187, coreidx2=1187
2024/12/17 08:41:21.649 [AWT-EventQueue-0] INFO   cgdp.corealign.DomCluster domNo=0, name=LCYAK_RS09305, spec=gm05061
2024/12/17 08:41:21.649 [AWT-EventQueue-0] INFO   cgdp.corealign.DomCluster clustid=2402, order=0, coreidx1=1187, coreidx2=1187
2024/12/17 08:41:21.649 [AWT-EventQueue-0] INFO   cgdp.corealign.DomCluster domNo=0, name=LCACT_RS09485, spec=gm05066
2024/12/17 08:41:21.649 [AWT-EventQueue-0] INFO   cgdp.corealign.DomCluster clustid=2402, order=0, coreidx1=1187, coreidx2=1187
2024/12/17 08:41:21.649 [AWT-EventQueue-0] INFO   cgdp.corealign.DomCluster domNo=0, name=BGL52_RS09040, spec=gm08549
2024/12/17 08:41:21.649 [AWT-EventQueue-0] INFO   cgdp.corealign.DomCluster clustid=2402, order=0, coreidx1=1187, coreidx2=1187
2024/12/17 08:41:21.649 [AWT-EventQueue-0] INFO   cgdp.corealign.DomCluster domNo=0, name=DYY97_RS08335, spec=gm10478
2024/12/17 08:41:21.649 [AWT-EventQueue-0] INFO   cgdp.corealign.DomCluster clustid=2402, order=0, coreidx1=1187, coreidx2=1187
2024/12/17 08:41:21.649 [AWT-EventQueue-0] INFO   cgdp.corealign.DomCluster domNo=0, name=LCABL_RS09565, spec=lcb
2024/12/17 08:41:21.649 [AWT-EventQueue-0] INFO   cgdp.corealign.DomCluster clustid=2402, order=0, coreidx1=1187, coreidx2=1187
2024/12/17 08:41:21.649 [AWT-EventQueue-0] INFO   cgdp.corealign.DomCluster domNo=0, name=BN194_RS09600, spec=lcw
2024/12/17 08:41:21.649 [AWT-EventQueue-0] INFO   cgdp.corealign.DomCluster clustid=2402, order=0, coreidx1=1187, coreidx2=1187
2024/12/17 08:41:21.649 [AWT-EventQueue-0] INFO   cgdp.corealign.DomCluster domNo=0, name=LCA12A_RS08505, spec=lcx
2024/12/17 08:41:21.649 [AWT-EventQueue-0] INFO   cgdp.corealign.DomCluster clustid=2402, order=0, coreidx1=1187, coreidx2=1187
2024/12/17 08:41:21.649 [AWT-EventQueue-0] INFO   cgdp.corealign.Cluster Cluster id=713, name=713
2024/12/17 08:41:21.649 [AWT-EventQueue-0] INFO   cgdp.corealign.DomCluster domNo=0, name=LBCZ_RS08225, spec=gm04274
2024/12/17 08:41:21.649 [AWT-EventQueue-0] INFO   cgdp.corealign.DomCluster clustid=713, order=0, coreidx1=1162, coreidx2=1162
2024/12/17 08:41:21.649 [AWT-EventQueue-0] INFO   cgdp.corealign.DomCluster domNo=0, name=LCYAK_RS09175, spec=gm05061
2024/12/17 08:41:21.649 [AWT-EventQueue-0] INFO   cgdp.corealign.DomCluster clustid=713, order=0, coreidx1=1162, coreidx2=1162
2024/12/17 08:41:21.649 [AWT-EventQueue-0] INFO   cgdp.corealign.DomCluster domNo=0, name=LCACT_RS09355, spec=gm05066
2024/12/17 08:41:21.649 [AWT-EventQueue-0] INFO   cgdp.corealign.DomCluster clustid=713, order=0, coreidx1=1162, coreidx2=1162
2024/12/17 08:41:21.649 [AWT-EventQueue-0] INFO   cgdp.corealign.DomCluster domNo=0, name=BGL52_RS08890, spec=gm08549
2024/12/17 08:41:21.649 [AWT-EventQueue-0] INFO   cgdp.corealign.DomCluster clustid=713, order=0, coreidx1=1162, coreidx2=1162
2024/12/17 08:41:21.649 [AWT-EventQueue-0] INFO   cgdp.corealign.DomCluster domNo=0, name=DYY97_RS08200, spec=gm10478
2024/12/17 08:41:21.649 [AWT-EventQueue-0] INFO   cgdp.corealign.DomCluster clustid=713, order=0, coreidx1=1162, coreidx2=1162
2024/12/17 08:41:21.649 [AWT-EventQueue-0] INFO   cgdp.corealign.DomCluster domNo=0, name=LCABL_RS09435, spec=lcb
2024/12/17 08:41:21.649 [AWT-EventQueue-0] INFO   cgdp.corealign.DomCluster clustid=713, order=0, coreidx1=1162, coreidx2=1162
2024/12/17 08:41:21.649 [AWT-EventQueue-0] INFO   cgdp.corealign.DomCluster domNo=0, name=BN194_RS09470, spec=lcw
2024/12/17 08:41:21.649 [AWT-EventQueue-0] INFO   cgdp.corealign.DomCluster clustid=713, order=0, coreidx1=1162, coreidx2=1162
2024/12/17 08:41:21.649 [AWT-EventQueue-0] INFO   cgdp.corealign.DomCluster domNo=0, name=LCA12A_RS08375, spec=lcx
2024/12/17 08:41:21.649 [AWT-EventQueue-0] INFO   cgdp.corealign.DomCluster clustid=713, order=0, coreidx1=1162, coreidx2=1162
2024/12/17 08:41:21.650 [AWT-EventQueue-0] INFO   cgdp.corealign.Cluster Cluster id=758, name=758
2024/12/17 08:41:21.650 [AWT-EventQueue-0] INFO   cgdp.corealign.DomCluster domNo=0, name=LBCZ_RS07995, spec=gm04274
2024/12/17 08:41:21.650 [AWT-EventQueue-0] INFO   cgdp.corealign.DomCluster clustid=758, order=0, coreidx1=1132, coreidx2=1132
2024/12/17 08:41:21.650 [AWT-EventQueue-0] INFO   cgdp.corealign.DomCluster domNo=0, name=LCYAK_RS09015, spec=gm05061
2024/12/17 08:41:21.650 [AWT-EventQueue-0] INFO   cgdp.corealign.DomCluster clustid=758, order=0, coreidx1=1132, coreidx2=1132
2024/12/17 08:41:21.650 [AWT-EventQueue-0] INFO   cgdp.corealign.DomCluster domNo=0, name=LCACT_RS09195, spec=gm05066
2024/12/17 08:41:21.650 [AWT-EventQueue-0] INFO   cgdp.corealign.DomCluster clustid=758, order=0, coreidx1=1132, coreidx2=1132
2024/12/17 08:41:21.650 [AWT-EventQueue-0] INFO   cgdp.corealign.DomCluster domNo=0, name=BGL52_RS08680, spec=gm08549
2024/12/17 08:41:21.650 [AWT-EventQueue-0] INFO   cgdp.corealign.DomCluster clustid=758, order=0, coreidx1=1132, coreidx2=1132
2024/12/17 08:41:21.650 [AWT-EventQueue-0] INFO   cgdp.corealign.DomCluster domNo=0, name=DYY97_RS08020, spec=gm10478
2024/12/17 08:41:21.650 [AWT-EventQueue-0] INFO   cgdp.corealign.DomCluster clustid=758, order=0, coreidx1=1132, coreidx2=1132
2024/12/17 08:41:21.650 [AWT-EventQueue-0] INFO   cgdp.corealign.DomCluster domNo=0, name=LCABL_RS09275, spec=lcb
2024/12/17 08:41:21.650 [AWT-EventQueue-0] INFO   cgdp.corealign.DomCluster clustid=758, order=0, coreidx1=1132, coreidx2=1132
2024/12/17 08:41:21.650 [AWT-EventQueue-0] INFO   cgdp.corealign.DomCluster domNo=0, name=BN194_RS09310, spec=lcw
2024/12/17 08:41:21.650 [AWT-EventQueue-0] INFO   cgdp.corealign.DomCluster clustid=758, order=0, coreidx1=1132, coreidx2=1132
2024/12/17 08:41:21.650 [AWT-EventQueue-0] INFO   cgdp.corealign.DomCluster domNo=0, name=LCA12A_RS08215, spec=lcx
2024/12/17 08:41:21.650 [AWT-EventQueue-0] INFO   cgdp.corealign.DomCluster clustid=758, order=0, coreidx1=1132, coreidx2=1132
2024/12/17 08:41:21.650 [AWT-EventQueue-0] INFO   cgdp.corealign.Cluster Cluster id=1422, name=1422
2024/12/17 08:41:21.650 [AWT-EventQueue-0] INFO   cgdp.corealign.DomCluster domNo=0, name=LBCZ_RS07555, spec=gm04274
2024/12/17 08:41:21.650 [AWT-EventQueue-0] INFO   cgdp.corealign.DomCluster clustid=1422, order=0, coreidx1=1049, coreidx2=1049
2024/12/17 08:41:21.650 [AWT-EventQueue-0] INFO   cgdp.corealign.DomCluster domNo=0, name=LCYAK_RS08575, spec=gm05061
2024/12/17 08:41:21.650 [AWT-EventQueue-0] INFO   cgdp.corealign.DomCluster clustid=1422, order=0, coreidx1=1049, coreidx2=1049
2024/12/17 08:41:21.650 [AWT-EventQueue-0] INFO   cgdp.corealign.DomCluster domNo=0, name=LCACT_RS08755, spec=gm05066
2024/12/17 08:41:21.650 [AWT-EventQueue-0] INFO   cgdp.corealign.DomCluster clustid=1422, order=0, coreidx1=1049, coreidx2=1049
2024/12/17 08:41:21.650 [AWT-EventQueue-0] INFO   cgdp.corealign.DomCluster domNo=0, name=BGL52_RS08230, spec=gm08549
2024/12/17 08:41:21.650 [AWT-EventQueue-0] INFO   cgdp.corealign.DomCluster clustid=1422, order=0, coreidx1=1049, coreidx2=1049
2024/12/17 08:41:21.650 [AWT-EventQueue-0] INFO   cgdp.corealign.DomCluster domNo=0, name=DYY97_RS07575, spec=gm10478
2024/12/17 08:41:21.650 [AWT-EventQueue-0] INFO   cgdp.corealign.DomCluster clustid=1422, order=0, coreidx1=1049, coreidx2=1049
2024/12/17 08:41:21.650 [AWT-EventQueue-0] INFO   cgdp.corealign.DomCluster domNo=0, name=LCABL_RS08835, spec=lcb
2024/12/17 08:41:21.650 [AWT-EventQueue-0] INFO   cgdp.corealign.DomCluster clustid=1422, order=0, coreidx1=1049, coreidx2=1049
2024/12/17 08:41:21.650 [AWT-EventQueue-0] INFO   cgdp.corealign.DomCluster domNo=0, name=BN194_RS08855, spec=lcw
2024/12/17 08:41:21.650 [AWT-EventQueue-0] INFO   cgdp.corealign.DomCluster clustid=1422, order=0, coreidx1=1049, coreidx2=1049
2024/12/17 08:41:21.650 [AWT-EventQueue-0] INFO   cgdp.corealign.DomCluster domNo=0, name=LCA12A_RS07785, spec=lcx
2024/12/17 08:41:21.650 [AWT-EventQueue-0] INFO   cgdp.corealign.DomCluster clustid=1422, order=0, coreidx1=1049, coreidx2=1049
2024/12/17 08:41:21.650 [AWT-EventQueue-0] INFO   cgdp.corealign.Cluster Cluster id=331, name=331
2024/12/17 08:41:21.650 [AWT-EventQueue-0] INFO   cgdp.corealign.DomCluster domNo=0, name=LBCZ_RS07630, spec=gm04274
2024/12/17 08:41:21.650 [AWT-EventQueue-0] INFO   cgdp.corealign.DomCluster clustid=331, order=0, coreidx1=1063, coreidx2=1063
2024/12/17 08:41:21.651 [AWT-EventQueue-0] INFO   cgdp.corealign.DomCluster domNo=0, name=LCYAK_RS08645, spec=gm05061
2024/12/17 08:41:21.651 [AWT-EventQueue-0] INFO   cgdp.corealign.DomCluster clustid=331, order=0, coreidx1=1063, coreidx2=1063
2024/12/17 08:41:21.651 [AWT-EventQueue-0] INFO   cgdp.corealign.DomCluster domNo=0, name=LCACT_RS08825, spec=gm05066
2024/12/17 08:41:21.651 [AWT-EventQueue-0] INFO   cgdp.corealign.DomCluster clustid=331, order=0, coreidx1=1063, coreidx2=1063
2024/12/17 08:41:21.651 [AWT-EventQueue-0] INFO   cgdp.corealign.DomCluster domNo=0, name=BGL52_RS08310, spec=gm08549
2024/12/17 08:41:21.651 [AWT-EventQueue-0] INFO   cgdp.corealign.DomCluster clustid=331, order=0, coreidx1=1063, coreidx2=1063
2024/12/17 08:41:21.651 [AWT-EventQueue-0] INFO   cgdp.corealign.DomCluster domNo=0, name=DYY97_RS07650, spec=gm10478
2024/12/17 08:41:21.651 [AWT-EventQueue-0] INFO   cgdp.corealign.DomCluster clustid=331, order=0, coreidx1=1063, coreidx2=1063
2024/12/17 08:41:21.651 [AWT-EventQueue-0] INFO   cgdp.corealign.DomCluster domNo=0, name=LCABL_RS08905, spec=lcb
2024/12/17 08:41:21.651 [AWT-EventQueue-0] INFO   cgdp.corealign.DomCluster clustid=331, order=0, coreidx1=1063, coreidx2=1063
2024/12/17 08:41:21.651 [AWT-EventQueue-0] INFO   cgdp.corealign.DomCluster domNo=0, name=BN194_RS08925, spec=lcw
2024/12/17 08:41:21.651 [AWT-EventQueue-0] INFO   cgdp.corealign.DomCluster clustid=331, order=0, coreidx1=1063, coreidx2=1063
2024/12/17 08:41:21.651 [AWT-EventQueue-0] INFO   cgdp.corealign.DomCluster domNo=0, name=LCA12A_RS07855, spec=lcx
2024/12/17 08:41:21.651 [AWT-EventQueue-0] INFO   cgdp.corealign.DomCluster clustid=331, order=0, coreidx1=1063, coreidx2=1063
2024/12/17 08:41:21.651 [AWT-EventQueue-0] INFO   cgdp.corealign.Cluster Cluster id=1441, name=1441
2024/12/17 08:41:21.651 [AWT-EventQueue-0] INFO   cgdp.corealign.DomCluster domNo=0, name=LBCZ_RS07520, spec=gm04274
2024/12/17 08:41:21.651 [AWT-EventQueue-0] INFO   cgdp.corealign.DomCluster clustid=1441, order=0, coreidx1=1042, coreidx2=1042
2024/12/17 08:41:21.651 [AWT-EventQueue-0] INFO   cgdp.corealign.DomCluster domNo=0, name=LCYAK_RS08540, spec=gm05061
2024/12/17 08:41:21.651 [AWT-EventQueue-0] INFO   cgdp.corealign.DomCluster clustid=1441, order=0, coreidx1=1042, coreidx2=1042
2024/12/17 08:41:21.651 [AWT-EventQueue-0] INFO   cgdp.corealign.DomCluster domNo=0, name=LCACT_RS08720, spec=gm05066
2024/12/17 08:41:21.651 [AWT-EventQueue-0] INFO   cgdp.corealign.DomCluster clustid=1441, order=0, coreidx1=1042, coreidx2=1042
2024/12/17 08:41:21.651 [AWT-EventQueue-0] INFO   cgdp.corealign.DomCluster domNo=0, name=BGL52_RS08195, spec=gm08549
2024/12/17 08:41:21.651 [AWT-EventQueue-0] INFO   cgdp.corealign.DomCluster clustid=1441, order=0, coreidx1=1042, coreidx2=1042
2024/12/17 08:41:21.651 [AWT-EventQueue-0] INFO   cgdp.corealign.DomCluster domNo=0, name=DYY97_RS07540, spec=gm10478
2024/12/17 08:41:21.651 [AWT-EventQueue-0] INFO   cgdp.corealign.DomCluster clustid=1441, order=0, coreidx1=1042, coreidx2=1042
2024/12/17 08:41:21.651 [AWT-EventQueue-0] INFO   cgdp.corealign.DomCluster domNo=0, name=LCABL_RS08800, spec=lcb
2024/12/17 08:41:21.652 [AWT-EventQueue-0] INFO   cgdp.corealign.DomCluster clustid=1441, order=0, coreidx1=1042, coreidx2=1042
2024/12/17 08:41:21.652 [AWT-EventQueue-0] INFO   cgdp.corealign.DomCluster domNo=0, name=BN194_RS08820, spec=lcw
2024/12/17 08:41:21.652 [AWT-EventQueue-0] INFO   cgdp.corealign.DomCluster clustid=1441, order=0, coreidx1=1042, coreidx2=1042
2024/12/17 08:41:21.652 [AWT-EventQueue-0] INFO   cgdp.corealign.DomCluster domNo=0, name=LCA12A_RS07470, spec=lcx
2024/12/17 08:41:21.652 [AWT-EventQueue-0] INFO   cgdp.corealign.DomCluster clustid=1441, order=0, coreidx1=1042, coreidx2=1042
2024/12/17 08:41:21.652 [AWT-EventQueue-0] INFO   cgdp.corealign.Cluster Cluster id=1160, name=1160
2024/12/17 08:41:21.652 [AWT-EventQueue-0] INFO   cgdp.corealign.DomCluster domNo=0, name=LBCZ_RS07880, spec=gm04274
2024/12/17 08:41:21.652 [AWT-EventQueue-0] INFO   cgdp.corealign.DomCluster clustid=1160, order=0, coreidx1=1112, coreidx2=1112
2024/12/17 08:41:21.652 [AWT-EventQueue-0] INFO   cgdp.corealign.DomCluster domNo=0, name=LCYAK_RS08900, spec=gm05061
2024/12/17 08:41:21.652 [AWT-EventQueue-0] INFO   cgdp.corealign.DomCluster clustid=1160, order=0, coreidx1=1112, coreidx2=1112
2024/12/17 08:41:21.652 [AWT-EventQueue-0] INFO   cgdp.corealign.DomCluster domNo=0, name=LCACT_RS09080, spec=gm05066
2024/12/17 08:41:21.652 [AWT-EventQueue-0] INFO   cgdp.corealign.DomCluster clustid=1160, order=0, coreidx1=1112, coreidx2=1112
2024/12/17 08:41:21.652 [AWT-EventQueue-0] INFO   cgdp.corealign.DomCluster domNo=0, name=BGL52_RS08575, spec=gm08549
2024/12/17 08:41:21.652 [AWT-EventQueue-0] INFO   cgdp.corealign.DomCluster clustid=1160, order=0, coreidx1=1112, coreidx2=1112
2024/12/17 08:41:21.652 [AWT-EventQueue-0] INFO   cgdp.corealign.DomCluster domNo=0, name=DYY97_RS07915, spec=gm10478
2024/12/17 08:41:21.652 [AWT-EventQueue-0] INFO   cgdp.corealign.DomCluster clustid=1160, order=0, coreidx1=1112, coreidx2=1112
2024/12/17 08:41:21.652 [AWT-EventQueue-0] INFO   cgdp.corealign.DomCluster domNo=0, name=LCABL_RS09160, spec=lcb
2024/12/17 08:41:21.652 [AWT-EventQueue-0] INFO   cgdp.corealign.DomCluster clustid=1160, order=0, coreidx1=1112, coreidx2=1112
2024/12/17 08:41:21.652 [AWT-EventQueue-0] INFO   cgdp.corealign.DomCluster domNo=0, name=BN194_RS09195, spec=lcw
2024/12/17 08:41:21.652 [AWT-EventQueue-0] INFO   cgdp.corealign.DomCluster clustid=1160, order=0, coreidx1=1112, coreidx2=1112
2024/12/17 08:41:21.652 [AWT-EventQueue-0] INFO   cgdp.corealign.DomCluster domNo=0, name=LCA12A_RS08105, spec=lcx
2024/12/17 08:41:21.652 [AWT-EventQueue-0] INFO   cgdp.corealign.DomCluster clustid=1160, order=0, coreidx1=1112, coreidx2=1112
2024/12/17 08:41:21.652 [AWT-EventQueue-0] INFO   cgdp.corealign.Cluster Cluster id=989, name=989
2024/12/17 08:41:21.652 [AWT-EventQueue-0] INFO   cgdp.corealign.DomCluster domNo=0, name=LBCZ_RS07845, spec=gm04274
2024/12/17 08:41:21.652 [AWT-EventQueue-0] INFO   cgdp.corealign.DomCluster clustid=989, order=0, coreidx1=1105, coreidx2=1105
2024/12/17 08:41:21.652 [AWT-EventQueue-0] INFO   cgdp.corealign.DomCluster domNo=0, name=LCYAK_RS08865, spec=gm05061
2024/12/17 08:41:21.652 [AWT-EventQueue-0] INFO   cgdp.corealign.DomCluster clustid=989, order=0, coreidx1=1105, coreidx2=1105
2024/12/17 08:41:21.652 [AWT-EventQueue-0] INFO   cgdp.corealign.DomCluster domNo=0, name=LCACT_RS09045, spec=gm05066
2024/12/17 08:41:21.652 [AWT-EventQueue-0] INFO   cgdp.corealign.DomCluster clustid=989, order=0, coreidx1=1105, coreidx2=1105
2024/12/17 08:41:21.652 [AWT-EventQueue-0] INFO   cgdp.corealign.DomCluster domNo=0, name=BGL52_RS08540, spec=gm08549
2024/12/17 08:41:21.652 [AWT-EventQueue-0] INFO   cgdp.corealign.DomCluster clustid=989, order=0, coreidx1=1105, coreidx2=1105
2024/12/17 08:41:21.652 [AWT-EventQueue-0] INFO   cgdp.corealign.DomCluster domNo=0, name=DYY97_RS07880, spec=gm10478
2024/12/17 08:41:21.652 [AWT-EventQueue-0] INFO   cgdp.corealign.DomCluster clustid=989, order=0, coreidx1=1105, coreidx2=1105
2024/12/17 08:41:21.652 [AWT-EventQueue-0] INFO   cgdp.corealign.DomCluster domNo=0, name=LCABL_RS09125, spec=lcb
2024/12/17 08:41:21.652 [AWT-EventQueue-0] INFO   cgdp.corealign.DomCluster clustid=989, order=0, coreidx1=1105, coreidx2=1105
2024/12/17 08:41:21.652 [AWT-EventQueue-0] INFO   cgdp.corealign.DomCluster domNo=0, name=BN194_RS09155, spec=lcw
2024/12/17 08:41:21.652 [AWT-EventQueue-0] INFO   cgdp.corealign.DomCluster clustid=989, order=0, coreidx1=1105, coreidx2=1105
2024/12/17 08:41:21.652 [AWT-EventQueue-0] INFO   cgdp.corealign.DomCluster domNo=0, name=LCA12A_RS08070, spec=lcx
2024/12/17 08:41:21.652 [AWT-EventQueue-0] INFO   cgdp.corealign.DomCluster clustid=989, order=0, coreidx1=1105, coreidx2=1105
2024/12/17 08:41:21.652 [AWT-EventQueue-0] INFO   cgdp.corealign.Cluster Cluster id=1626, name=1626
2024/12/17 08:41:21.652 [AWT-EventQueue-0] INFO   cgdp.corealign.DomCluster domNo=0, name=LBCZ_RS07850, spec=gm04274
2024/12/17 08:41:21.652 [AWT-EventQueue-0] INFO   cgdp.corealign.DomCluster clustid=1626, order=0, coreidx1=1106, coreidx2=1106
2024/12/17 08:41:21.653 [AWT-EventQueue-0] INFO   cgdp.corealign.DomCluster domNo=0, name=LCYAK_RS08870, spec=gm05061
2024/12/17 08:41:21.653 [AWT-EventQueue-0] INFO   cgdp.corealign.DomCluster clustid=1626, order=0, coreidx1=1106, coreidx2=1106
2024/12/17 08:41:21.653 [AWT-EventQueue-0] INFO   cgdp.corealign.DomCluster domNo=0, name=LCACT_RS09050, spec=gm05066
2024/12/17 08:41:21.653 [AWT-EventQueue-0] INFO   cgdp.corealign.DomCluster clustid=1626, order=0, coreidx1=1106, coreidx2=1106
2024/12/17 08:41:21.653 [AWT-EventQueue-0] INFO   cgdp.corealign.DomCluster domNo=0, name=BGL52_RS08545, spec=gm08549
2024/12/17 08:41:21.653 [AWT-EventQueue-0] INFO   cgdp.corealign.DomCluster clustid=1626, order=0, coreidx1=1106, coreidx2=1106
2024/12/17 08:41:21.653 [AWT-EventQueue-0] INFO   cgdp.corealign.DomCluster domNo=0, name=DYY97_RS07885, spec=gm10478
2024/12/17 08:41:21.653 [AWT-EventQueue-0] INFO   cgdp.corealign.DomCluster clustid=1626, order=0, coreidx1=1106, coreidx2=1106
2024/12/17 08:41:21.653 [AWT-EventQueue-0] INFO   cgdp.corealign.DomCluster domNo=0, name=LCABL_RS09130, spec=lcb
2024/12/17 08:41:21.653 [AWT-EventQueue-0] INFO   cgdp.corealign.DomCluster clustid=1626, order=0, coreidx1=1106, coreidx2=1106
2024/12/17 08:41:21.653 [AWT-EventQueue-0] INFO   cgdp.corealign.DomCluster domNo=0, name=BN194_RS09160, spec=lcw
2024/12/17 08:41:21.653 [AWT-EventQueue-0] INFO   cgdp.corealign.DomCluster clustid=1626, order=0, coreidx1=1106, coreidx2=1106
2024/12/17 08:41:21.653 [AWT-EventQueue-0] INFO   cgdp.corealign.DomCluster domNo=0, name=LCA12A_RS08075, spec=lcx
2024/12/17 08:41:21.653 [AWT-EventQueue-0] INFO   cgdp.corealign.DomCluster clustid=1626, order=0, coreidx1=1106, coreidx2=1106
2024/12/17 08:41:21.653 [AWT-EventQueue-0] INFO   cgdp.corealign.Cluster Cluster id=1691, name=1691
2024/12/17 08:41:21.653 [AWT-EventQueue-0] INFO   cgdp.corealign.DomCluster domNo=0, name=LBCZ_RS07875, spec=gm04274
2024/12/17 08:41:21.653 [AWT-EventQueue-0] INFO   cgdp.corealign.DomCluster clustid=1691, order=0, coreidx1=1111, coreidx2=1111
2024/12/17 08:41:21.653 [AWT-EventQueue-0] INFO   cgdp.corealign.DomCluster domNo=0, name=LCYAK_RS08895, spec=gm05061
2024/12/17 08:41:21.653 [AWT-EventQueue-0] INFO   cgdp.corealign.DomCluster clustid=1691, order=0, coreidx1=1111, coreidx2=1111
2024/12/17 08:41:21.653 [AWT-EventQueue-0] INFO   cgdp.corealign.DomCluster domNo=0, name=LCACT_RS09075, spec=gm05066
2024/12/17 08:41:21.653 [AWT-EventQueue-0] INFO   cgdp.corealign.DomCluster clustid=1691, order=0, coreidx1=1111, coreidx2=1111
2024/12/17 08:41:21.653 [AWT-EventQueue-0] INFO   cgdp.corealign.DomCluster domNo=0, name=BGL52_RS08570, spec=gm08549
2024/12/17 08:41:21.653 [AWT-EventQueue-0] INFO   cgdp.corealign.DomCluster clustid=1691, order=0, coreidx1=1111, coreidx2=1111
2024/12/17 08:41:21.653 [AWT-EventQueue-0] INFO   cgdp.corealign.DomCluster domNo=0, name=DYY97_RS07910, spec=gm10478
2024/12/17 08:41:21.653 [AWT-EventQueue-0] INFO   cgdp.corealign.DomCluster clustid=1691, order=0, coreidx1=1111, coreidx2=1111
2024/12/17 08:41:21.653 [AWT-EventQueue-0] INFO   cgdp.corealign.DomCluster domNo=0, name=LCABL_RS09155, spec=lcb
2024/12/17 08:41:21.653 [AWT-EventQueue-0] INFO   cgdp.corealign.DomCluster clustid=1691, order=0, coreidx1=1111, coreidx2=1111
2024/12/17 08:41:21.653 [AWT-EventQueue-0] INFO   cgdp.corealign.DomCluster domNo=0, name=BN194_RS09190, spec=lcw
2024/12/17 08:41:21.653 [AWT-EventQueue-0] INFO   cgdp.corealign.DomCluster clustid=1691, order=0, coreidx1=1111, coreidx2=1111
2024/12/17 08:41:21.653 [AWT-EventQueue-0] INFO   cgdp.corealign.DomCluster domNo=0, name=LCA12A_RS08100, spec=lcx
2024/12/17 08:41:21.653 [AWT-EventQueue-0] INFO   cgdp.corealign.DomCluster clustid=1691, order=0, coreidx1=1111, coreidx2=1111
2024/12/17 08:41:21.653 [AWT-EventQueue-0] INFO   cgdp.corealign.Cluster Cluster id=1808, name=1808
2024/12/17 08:41:21.653 [AWT-EventQueue-0] INFO   cgdp.corealign.DomCluster domNo=0, name=LBCZ_RS08080, spec=gm04274
2024/12/17 08:41:21.653 [AWT-EventQueue-0] INFO   cgdp.corealign.DomCluster clustid=1808, order=0, coreidx1=1149, coreidx2=1149
2024/12/17 08:41:21.653 [AWT-EventQueue-0] INFO   cgdp.corealign.DomCluster domNo=0, name=LCYAK_RS09105, spec=gm05061
2024/12/17 08:41:21.653 [AWT-EventQueue-0] INFO   cgdp.corealign.DomCluster clustid=1808, order=0, coreidx1=1149, coreidx2=1149
2024/12/17 08:41:21.653 [AWT-EventQueue-0] INFO   cgdp.corealign.DomCluster domNo=0, name=LCACT_RS09285, spec=gm05066
2024/12/17 08:41:21.653 [AWT-EventQueue-0] INFO   cgdp.corealign.DomCluster clustid=1808, order=0, coreidx1=1149, coreidx2=1149
2024/12/17 08:41:21.653 [AWT-EventQueue-0] INFO   cgdp.corealign.DomCluster domNo=0, name=BGL52_RS08765, spec=gm08549
2024/12/17 08:41:21.653 [AWT-EventQueue-0] INFO   cgdp.corealign.DomCluster clustid=1808, order=0, coreidx1=1149, coreidx2=1149
2024/12/17 08:41:21.653 [AWT-EventQueue-0] INFO   cgdp.corealign.DomCluster domNo=0, name=DYY97_RS08105, spec=gm10478
2024/12/17 08:41:21.653 [AWT-EventQueue-0] INFO   cgdp.corealign.DomCluster clustid=1808, order=0, coreidx1=1149, coreidx2=1149
2024/12/17 08:41:21.653 [AWT-EventQueue-0] INFO   cgdp.corealign.DomCluster domNo=0, name=LCABL_RS09365, spec=lcb
2024/12/17 08:41:21.653 [AWT-EventQueue-0] INFO   cgdp.corealign.DomCluster clustid=1808, order=0, coreidx1=1149, coreidx2=1149
2024/12/17 08:41:21.653 [AWT-EventQueue-0] INFO   cgdp.corealign.DomCluster domNo=0, name=BN194_RS09400, spec=lcw
2024/12/17 08:41:21.653 [AWT-EventQueue-0] INFO   cgdp.corealign.DomCluster clustid=1808, order=0, coreidx1=1149, coreidx2=1149
2024/12/17 08:41:21.653 [AWT-EventQueue-0] INFO   cgdp.corealign.DomCluster domNo=0, name=LCA12A_RS08305, spec=lcx
2024/12/17 08:41:21.653 [AWT-EventQueue-0] INFO   cgdp.corealign.DomCluster clustid=1808, order=0, coreidx1=1149, coreidx2=1149
2024/12/17 08:41:21.654 [AWT-EventQueue-0] INFO   cgdp.corealign.Cluster Cluster id=664, name=664
2024/12/17 08:41:21.654 [AWT-EventQueue-0] INFO   cgdp.corealign.DomCluster domNo=0, name=LBCZ_RS07800, spec=gm04274
2024/12/17 08:41:21.654 [AWT-EventQueue-0] INFO   cgdp.corealign.DomCluster clustid=664, order=0, coreidx1=1098, coreidx2=1098
2024/12/17 08:41:21.654 [AWT-EventQueue-0] INFO   cgdp.corealign.DomCluster domNo=0, name=LCYAK_RS08820, spec=gm05061
2024/12/17 08:41:21.654 [AWT-EventQueue-0] INFO   cgdp.corealign.DomCluster clustid=664, order=0, coreidx1=1098, coreidx2=1098
2024/12/17 08:41:21.654 [AWT-EventQueue-0] INFO   cgdp.corealign.DomCluster domNo=0, name=LCACT_RS09000, spec=gm05066
2024/12/17 08:41:21.654 [AWT-EventQueue-0] INFO   cgdp.corealign.DomCluster clustid=664, order=0, coreidx1=1098, coreidx2=1098
2024/12/17 08:41:21.654 [AWT-EventQueue-0] INFO   cgdp.corealign.DomCluster domNo=0, name=BGL52_RS08490, spec=gm08549
2024/12/17 08:41:21.654 [AWT-EventQueue-0] INFO   cgdp.corealign.DomCluster clustid=664, order=0, coreidx1=1098, coreidx2=1098
2024/12/17 08:41:21.654 [AWT-EventQueue-0] INFO   cgdp.corealign.DomCluster domNo=0, name=DYY97_RS07830, spec=gm10478
2024/12/17 08:41:21.654 [AWT-EventQueue-0] INFO   cgdp.corealign.DomCluster clustid=664, order=0, coreidx1=1098, coreidx2=1098
2024/12/17 08:41:21.654 [AWT-EventQueue-0] INFO   cgdp.corealign.DomCluster domNo=0, name=LCABL_RS09080, spec=lcb
2024/12/17 08:41:21.654 [AWT-EventQueue-0] INFO   cgdp.corealign.DomCluster clustid=664, order=0, coreidx1=1098, coreidx2=1098
2024/12/17 08:41:21.654 [AWT-EventQueue-0] INFO   cgdp.corealign.DomCluster domNo=0, name=BN194_RS09110, spec=lcw
2024/12/17 08:41:21.654 [AWT-EventQueue-0] INFO   cgdp.corealign.DomCluster clustid=664, order=0, coreidx1=1098, coreidx2=1098
2024/12/17 08:41:21.654 [AWT-EventQueue-0] INFO   cgdp.corealign.DomCluster domNo=0, name=LCA12A_RS08025, spec=lcx
2024/12/17 08:41:21.654 [AWT-EventQueue-0] INFO   cgdp.corealign.DomCluster clustid=664, order=0, coreidx1=1098, coreidx2=1098
2024/12/17 08:41:21.654 [AWT-EventQueue-0] INFO   cgdp.corealign.Cluster Cluster id=1645, name=1645
2024/12/17 08:41:21.654 [AWT-EventQueue-0] INFO   cgdp.corealign.DomCluster domNo=0, name=LBCZ_RS08130, spec=gm04274
2024/12/17 08:41:21.654 [AWT-EventQueue-0] INFO   cgdp.corealign.DomCluster clustid=1645, order=0, coreidx1=1152, coreidx2=1152
2024/12/17 08:41:21.654 [AWT-EventQueue-0] INFO   cgdp.corealign.DomCluster domNo=0, name=LCYAK_RS09120, spec=gm05061
2024/12/17 08:41:21.654 [AWT-EventQueue-0] INFO   cgdp.corealign.DomCluster clustid=1645, order=0, coreidx1=1152, coreidx2=1152
2024/12/17 08:41:21.654 [AWT-EventQueue-0] INFO   cgdp.corealign.DomCluster domNo=0, name=LCACT_RS09300, spec=gm05066
2024/12/17 08:41:21.654 [AWT-EventQueue-0] INFO   cgdp.corealign.DomCluster clustid=1645, order=0, coreidx1=1152, coreidx2=1152
2024/12/17 08:41:21.654 [AWT-EventQueue-0] INFO   cgdp.corealign.DomCluster domNo=0, name=BGL52_RS08805, spec=gm08549
2024/12/17 08:41:21.654 [AWT-EventQueue-0] INFO   cgdp.corealign.DomCluster clustid=1645, order=0, coreidx1=1152, coreidx2=1152
2024/12/17 08:41:21.654 [AWT-EventQueue-0] INFO   cgdp.corealign.DomCluster domNo=0, name=DYY97_RS08120, spec=gm10478
2024/12/17 08:41:21.654 [AWT-EventQueue-0] INFO   cgdp.corealign.DomCluster clustid=1645, order=0, coreidx1=1152, coreidx2=1152
2024/12/17 08:41:21.654 [AWT-EventQueue-0] INFO   cgdp.corealign.DomCluster domNo=0, name=LCABL_RS09380, spec=lcb
2024/12/17 08:41:21.654 [AWT-EventQueue-0] INFO   cgdp.corealign.DomCluster clustid=1645, order=0, coreidx1=1152, coreidx2=1152
2024/12/17 08:41:21.654 [AWT-EventQueue-0] INFO   cgdp.corealign.DomCluster domNo=0, name=BN194_RS09415, spec=lcw
2024/12/17 08:41:21.654 [AWT-EventQueue-0] INFO   cgdp.corealign.DomCluster clustid=1645, order=0, coreidx1=1152, coreidx2=1152
2024/12/17 08:41:21.654 [AWT-EventQueue-0] INFO   cgdp.corealign.DomCluster domNo=0, name=LCA12A_RS08320, spec=lcx
2024/12/17 08:41:21.654 [AWT-EventQueue-0] INFO   cgdp.corealign.DomCluster clustid=1645, order=0, coreidx1=1152, coreidx2=1152
2024/12/17 08:41:21.655 [AWT-EventQueue-0] INFO   cgdp.corealign.Cluster Cluster id=1810, name=1810
2024/12/17 08:41:21.655 [AWT-EventQueue-0] INFO   cgdp.corealign.DomCluster domNo=0, name=LBCZ_RS08155, spec=gm04274
2024/12/17 08:41:21.655 [AWT-EventQueue-0] INFO   cgdp.corealign.DomCluster clustid=1810, order=0, coreidx1=1157, coreidx2=1157
2024/12/17 08:41:21.655 [AWT-EventQueue-0] INFO   cgdp.corealign.DomCluster domNo=0, name=LCYAK_RS09150, spec=gm05061
2024/12/17 08:41:21.655 [AWT-EventQueue-0] INFO   cgdp.corealign.DomCluster clustid=1810, order=0, coreidx1=1157, coreidx2=1157
2024/12/17 08:41:21.655 [AWT-EventQueue-0] INFO   cgdp.corealign.DomCluster domNo=0, name=LCACT_RS09330, spec=gm05066
2024/12/17 08:41:21.655 [AWT-EventQueue-0] INFO   cgdp.corealign.DomCluster clustid=1810, order=0, coreidx1=1157, coreidx2=1157
2024/12/17 08:41:21.655 [AWT-EventQueue-0] INFO   cgdp.corealign.DomCluster domNo=0, name=BGL52_RS08840, spec=gm08549
2024/12/17 08:41:21.655 [AWT-EventQueue-0] INFO   cgdp.corealign.DomCluster clustid=1810, order=0, coreidx1=1157, coreidx2=1157
2024/12/17 08:41:21.655 [AWT-EventQueue-0] INFO   cgdp.corealign.DomCluster domNo=0, name=DYY97_RS08150, spec=gm10478
2024/12/17 08:41:21.655 [AWT-EventQueue-0] INFO   cgdp.corealign.DomCluster clustid=1810, order=0, coreidx1=1157, coreidx2=1157
2024/12/17 08:41:21.655 [AWT-EventQueue-0] INFO   cgdp.corealign.DomCluster domNo=0, name=LCABL_RS09410, spec=lcb
2024/12/17 08:41:21.655 [AWT-EventQueue-0] INFO   cgdp.corealign.DomCluster clustid=1810, order=0, coreidx1=1157, coreidx2=1157
2024/12/17 08:41:21.655 [AWT-EventQueue-0] INFO   cgdp.corealign.DomCluster domNo=0, name=BN194_RS09445, spec=lcw
2024/12/17 08:41:21.655 [AWT-EventQueue-0] INFO   cgdp.corealign.DomCluster clustid=1810, order=0, coreidx1=1157, coreidx2=1157
2024/12/17 08:41:21.655 [AWT-EventQueue-0] INFO   cgdp.corealign.DomCluster domNo=0, name=LCA12A_RS08350, spec=lcx
2024/12/17 08:41:21.655 [AWT-EventQueue-0] INFO   cgdp.corealign.DomCluster clustid=1810, order=0, coreidx1=1157, coreidx2=1157
2024/12/17 08:41:21.655 [AWT-EventQueue-0] INFO   cgdp.corealign.Cluster Cluster id=857, name=857
2024/12/17 08:41:21.655 [AWT-EventQueue-0] INFO   cgdp.corealign.DomCluster domNo=0, name=LBCZ_RS08345, spec=gm04274
2024/12/17 08:41:21.655 [AWT-EventQueue-0] INFO   cgdp.corealign.DomCluster clustid=857, order=0, coreidx1=1184, coreidx2=1184
2024/12/17 08:41:21.655 [AWT-EventQueue-0] INFO   cgdp.corealign.DomCluster domNo=0, name=LCYAK_RS09290, spec=gm05061
2024/12/17 08:41:21.655 [AWT-EventQueue-0] INFO   cgdp.corealign.DomCluster clustid=857, order=0, coreidx1=1184, coreidx2=1184
2024/12/17 08:41:21.655 [AWT-EventQueue-0] INFO   cgdp.corealign.DomCluster domNo=0, name=LCACT_RS09470, spec=gm05066
2024/12/17 08:41:21.655 [AWT-EventQueue-0] INFO   cgdp.corealign.DomCluster clustid=857, order=0, coreidx1=1184, coreidx2=1184
2024/12/17 08:41:21.655 [AWT-EventQueue-0] INFO   cgdp.corealign.DomCluster domNo=0, name=BGL52_RS09015, spec=gm08549
2024/12/17 08:41:21.655 [AWT-EventQueue-0] INFO   cgdp.corealign.DomCluster clustid=857, order=0, coreidx1=1184, coreidx2=1184
2024/12/17 08:41:21.655 [AWT-EventQueue-0] INFO   cgdp.corealign.DomCluster domNo=0, name=DYY97_RS08320, spec=gm10478
2024/12/17 08:41:21.655 [AWT-EventQueue-0] INFO   cgdp.corealign.DomCluster clustid=857, order=0, coreidx1=1184, coreidx2=1184
2024/12/17 08:41:21.655 [AWT-EventQueue-0] INFO   cgdp.corealign.DomCluster domNo=0, name=LCABL_RS09550, spec=lcb
2024/12/17 08:41:21.655 [AWT-EventQueue-0] INFO   cgdp.corealign.DomCluster clustid=857, order=0, coreidx1=1184, coreidx2=1184
2024/12/17 08:41:21.655 [AWT-EventQueue-0] INFO   cgdp.corealign.DomCluster domNo=0, name=BN194_RS09585, spec=lcw
2024/12/17 08:41:21.655 [AWT-EventQueue-0] INFO   cgdp.corealign.DomCluster clustid=857, order=0, coreidx1=1184, coreidx2=1184
2024/12/17 08:41:21.655 [AWT-EventQueue-0] INFO   cgdp.corealign.DomCluster domNo=0, name=LCA12A_RS08490, spec=lcx
2024/12/17 08:41:21.655 [AWT-EventQueue-0] INFO   cgdp.corealign.DomCluster clustid=857, order=0, coreidx1=1184, coreidx2=1184
2024/12/17 08:41:21.656 [AWT-EventQueue-0] INFO   cgdp.corealign.Cluster Cluster id=1902, name=1902
2024/12/17 08:41:21.656 [AWT-EventQueue-0] INFO   cgdp.corealign.DomCluster domNo=0, name=LBCZ_RS07795, spec=gm04274
2024/12/17 08:41:21.656 [AWT-EventQueue-0] INFO   cgdp.corealign.DomCluster clustid=1902, order=0, coreidx1=1097, coreidx2=1097
2024/12/17 08:41:21.656 [AWT-EventQueue-0] INFO   cgdp.corealign.DomCluster domNo=0, name=LCYAK_RS08815, spec=gm05061
2024/12/17 08:41:21.656 [AWT-EventQueue-0] INFO   cgdp.corealign.DomCluster clustid=1902, order=0, coreidx1=1097, coreidx2=1097
2024/12/17 08:41:21.656 [AWT-EventQueue-0] INFO   cgdp.corealign.DomCluster domNo=0, name=LCACT_RS08995, spec=gm05066
2024/12/17 08:41:21.656 [AWT-EventQueue-0] INFO   cgdp.corealign.DomCluster clustid=1902, order=0, coreidx1=1097, coreidx2=1097
2024/12/17 08:41:21.656 [AWT-EventQueue-0] INFO   cgdp.corealign.DomCluster domNo=0, name=BGL52_RS08485, spec=gm08549
2024/12/17 08:41:21.656 [AWT-EventQueue-0] INFO   cgdp.corealign.DomCluster clustid=1902, order=0, coreidx1=1097, coreidx2=1097
2024/12/17 08:41:21.656 [AWT-EventQueue-0] INFO   cgdp.corealign.DomCluster domNo=0, name=DYY97_RS07825, spec=gm10478
2024/12/17 08:41:21.656 [AWT-EventQueue-0] INFO   cgdp.corealign.DomCluster clustid=1902, order=0, coreidx1=1097, coreidx2=1097
2024/12/17 08:41:21.656 [AWT-EventQueue-0] INFO   cgdp.corealign.DomCluster domNo=0, name=LCABL_RS09075, spec=lcb
2024/12/17 08:41:21.656 [AWT-EventQueue-0] INFO   cgdp.corealign.DomCluster clustid=1902, order=0, coreidx1=1097, coreidx2=1097
2024/12/17 08:41:21.656 [AWT-EventQueue-0] INFO   cgdp.corealign.DomCluster domNo=0, name=BN194_RS09105, spec=lcw
2024/12/17 08:41:21.656 [AWT-EventQueue-0] INFO   cgdp.corealign.DomCluster clustid=1902, order=0, coreidx1=1097, coreidx2=1097
2024/12/17 08:41:21.656 [AWT-EventQueue-0] INFO   cgdp.corealign.DomCluster domNo=0, name=LCA12A_RS08020, spec=lcx
2024/12/17 08:41:21.656 [AWT-EventQueue-0] INFO   cgdp.corealign.DomCluster clustid=1902, order=0, coreidx1=1097, coreidx2=1097
2024/12/17 08:41:21.656 [AWT-EventQueue-0] INFO   cgdp.corealign.Cluster Cluster id=1711, name=1711
2024/12/17 08:41:21.656 [AWT-EventQueue-0] INFO   cgdp.corealign.DomCluster domNo=0, name=LBCZ_RS08265, spec=gm04274
2024/12/17 08:41:21.656 [AWT-EventQueue-0] INFO   cgdp.corealign.DomCluster clustid=1711, order=0, coreidx1=1170, coreidx2=1170
2024/12/17 08:41:21.656 [AWT-EventQueue-0] INFO   cgdp.corealign.DomCluster domNo=0, name=LCYAK_RS09215, spec=gm05061
2024/12/17 08:41:21.656 [AWT-EventQueue-0] INFO   cgdp.corealign.DomCluster clustid=1711, order=0, coreidx1=1170, coreidx2=1170
2024/12/17 08:41:21.656 [AWT-EventQueue-0] INFO   cgdp.corealign.DomCluster domNo=0, name=LCACT_RS09395, spec=gm05066
2024/12/17 08:41:21.656 [AWT-EventQueue-0] INFO   cgdp.corealign.DomCluster clustid=1711, order=0, coreidx1=1170, coreidx2=1170
2024/12/17 08:41:21.656 [AWT-EventQueue-0] INFO   cgdp.corealign.DomCluster domNo=0, name=BGL52_RS08935, spec=gm08549
2024/12/17 08:41:21.656 [AWT-EventQueue-0] INFO   cgdp.corealign.DomCluster clustid=1711, order=0, coreidx1=1170, coreidx2=1170
2024/12/17 08:41:21.656 [AWT-EventQueue-0] INFO   cgdp.corealign.DomCluster domNo=0, name=DYY97_RS08245, spec=gm10478
2024/12/17 08:41:21.656 [AWT-EventQueue-0] INFO   cgdp.corealign.DomCluster clustid=1711, order=0, coreidx1=1170, coreidx2=1170
2024/12/17 08:41:21.656 [AWT-EventQueue-0] INFO   cgdp.corealign.DomCluster domNo=0, name=LCABL_RS09475, spec=lcb
2024/12/17 08:41:21.656 [AWT-EventQueue-0] INFO   cgdp.corealign.DomCluster clustid=1711, order=0, coreidx1=1170, coreidx2=1170
2024/12/17 08:41:21.656 [AWT-EventQueue-0] INFO   cgdp.corealign.DomCluster domNo=0, name=BN194_RS09510, spec=lcw
2024/12/17 08:41:21.656 [AWT-EventQueue-0] INFO   cgdp.corealign.DomCluster clustid=1711, order=0, coreidx1=1170, coreidx2=1170
2024/12/17 08:41:21.656 [AWT-EventQueue-0] INFO   cgdp.corealign.DomCluster domNo=0, name=LCA12A_RS08415, spec=lcx
2024/12/17 08:41:21.656 [AWT-EventQueue-0] INFO   cgdp.corealign.DomCluster clustid=1711, order=0, coreidx1=1170, coreidx2=1170
2024/12/17 08:41:21.656 [AWT-EventQueue-0] INFO   cgdp.corealign.Cluster Cluster id=8, name=8
2024/12/17 08:41:21.656 [AWT-EventQueue-0] INFO   cgdp.corealign.DomCluster domNo=0, name=LBCZ_RS07650, spec=gm04274
2024/12/17 08:41:21.656 [AWT-EventQueue-0] INFO   cgdp.corealign.DomCluster clustid=8, order=0, coreidx1=1067, coreidx2=1067
2024/12/17 08:41:21.656 [AWT-EventQueue-0] INFO   cgdp.corealign.DomCluster domNo=0, name=LCYAK_RS08665, spec=gm05061
2024/12/17 08:41:21.656 [AWT-EventQueue-0] INFO   cgdp.corealign.DomCluster clustid=8, order=0, coreidx1=1067, coreidx2=1067
2024/12/17 08:41:21.656 [AWT-EventQueue-0] INFO   cgdp.corealign.DomCluster domNo=0, name=LCACT_RS08845, spec=gm05066
2024/12/17 08:41:21.656 [AWT-EventQueue-0] INFO   cgdp.corealign.DomCluster clustid=8, order=0, coreidx1=1067, coreidx2=1067
2024/12/17 08:41:21.656 [AWT-EventQueue-0] INFO   cgdp.corealign.DomCluster domNo=0, name=BGL52_RS08330, spec=gm08549
2024/12/17 08:41:21.656 [AWT-EventQueue-0] INFO   cgdp.corealign.DomCluster clustid=8, order=0, coreidx1=1067, coreidx2=1067
2024/12/17 08:41:21.656 [AWT-EventQueue-0] INFO   cgdp.corealign.DomCluster domNo=0, name=DYY97_RS07670, spec=gm10478
2024/12/17 08:41:21.656 [AWT-EventQueue-0] INFO   cgdp.corealign.DomCluster clustid=8, order=0, coreidx1=1067, coreidx2=1067
2024/12/17 08:41:21.656 [AWT-EventQueue-0] INFO   cgdp.corealign.DomCluster domNo=0, name=LCABL_RS08925, spec=lcb
2024/12/17 08:41:21.656 [AWT-EventQueue-0] INFO   cgdp.corealign.DomCluster clustid=8, order=0, coreidx1=1067, coreidx2=1067
2024/12/17 08:41:21.656 [AWT-EventQueue-0] INFO   cgdp.corealign.DomCluster domNo=0, name=BN194_RS08945, spec=lcw
2024/12/17 08:41:21.657 [AWT-EventQueue-0] INFO   cgdp.corealign.DomCluster clustid=8, order=0, coreidx1=1067, coreidx2=1067
2024/12/17 08:41:21.657 [AWT-EventQueue-0] INFO   cgdp.corealign.DomCluster domNo=0, name=LCA12A_RS07875, spec=lcx
2024/12/17 08:41:21.657 [AWT-EventQueue-0] INFO   cgdp.corealign.DomCluster clustid=8, order=0, coreidx1=1067, coreidx2=1067
2024/12/17 08:41:21.657 [AWT-EventQueue-0] INFO   cgdp.corealign.Cluster Cluster id=2616, name=2616
2024/12/17 08:41:21.657 [AWT-EventQueue-0] INFO   cgdp.corealign.DomCluster domNo=0, name=LBCZ_RS07525, spec=gm04274
2024/12/17 08:41:21.657 [AWT-EventQueue-0] INFO   cgdp.corealign.DomCluster clustid=2616, order=0, coreidx1=1043, coreidx2=1043
2024/12/17 08:41:21.657 [AWT-EventQueue-0] INFO   cgdp.corealign.DomCluster domNo=0, name=LCYAK_RS08545, spec=gm05061
2024/12/17 08:41:21.657 [AWT-EventQueue-0] INFO   cgdp.corealign.DomCluster clustid=2616, order=0, coreidx1=1043, coreidx2=1043
2024/12/17 08:41:21.657 [AWT-EventQueue-0] INFO   cgdp.corealign.DomCluster domNo=0, name=LCACT_RS08725, spec=gm05066
2024/12/17 08:41:21.657 [AWT-EventQueue-0] INFO   cgdp.corealign.DomCluster clustid=2616, order=0, coreidx1=1043, coreidx2=1043
2024/12/17 08:41:21.657 [AWT-EventQueue-0] INFO   cgdp.corealign.DomCluster domNo=0, name=BGL52_RS08200, spec=gm08549
2024/12/17 08:41:21.657 [AWT-EventQueue-0] INFO   cgdp.corealign.DomCluster clustid=2616, order=0, coreidx1=1043, coreidx2=1043
2024/12/17 08:41:21.657 [AWT-EventQueue-0] INFO   cgdp.corealign.DomCluster domNo=0, name=DYY97_RS07545, spec=gm10478
2024/12/17 08:41:21.657 [AWT-EventQueue-0] INFO   cgdp.corealign.DomCluster clustid=2616, order=0, coreidx1=1043, coreidx2=1043
2024/12/17 08:41:21.657 [AWT-EventQueue-0] INFO   cgdp.corealign.DomCluster domNo=0, name=LCABL_RS08805, spec=lcb
2024/12/17 08:41:21.657 [AWT-EventQueue-0] INFO   cgdp.corealign.DomCluster clustid=2616, order=0, coreidx1=1043, coreidx2=1043
2024/12/17 08:41:21.657 [AWT-EventQueue-0] INFO   cgdp.corealign.DomCluster domNo=0, name=LCA12A_RS07475, spec=lcx
2024/12/17 08:41:21.657 [AWT-EventQueue-0] INFO   cgdp.corealign.DomCluster clustid=2616, order=0, coreidx1=1043, coreidx2=1043
2024/12/17 08:41:21.657 [AWT-EventQueue-0] INFO   cgdp.corealign.Cluster Cluster id=974, name=974
2024/12/17 08:41:21.657 [AWT-EventQueue-0] INFO   cgdp.corealign.DomCluster domNo=0, name=LBCZ_RS07635, spec=gm04274
2024/12/17 08:41:21.657 [AWT-EventQueue-0] INFO   cgdp.corealign.DomCluster clustid=974, order=0, coreidx1=1064, coreidx2=1064
2024/12/17 08:41:21.657 [AWT-EventQueue-0] INFO   cgdp.corealign.DomCluster domNo=0, name=LCYAK_RS08650, spec=gm05061
2024/12/17 08:41:21.657 [AWT-EventQueue-0] INFO   cgdp.corealign.DomCluster clustid=974, order=0, coreidx1=1064, coreidx2=1064
2024/12/17 08:41:21.657 [AWT-EventQueue-0] INFO   cgdp.corealign.DomCluster domNo=0, name=LCACT_RS08830, spec=gm05066
2024/12/17 08:41:21.657 [AWT-EventQueue-0] INFO   cgdp.corealign.DomCluster clustid=974, order=0, coreidx1=1064, coreidx2=1064
2024/12/17 08:41:21.657 [AWT-EventQueue-0] INFO   cgdp.corealign.DomCluster domNo=0, name=BGL52_RS08315, spec=gm08549
2024/12/17 08:41:21.657 [AWT-EventQueue-0] INFO   cgdp.corealign.DomCluster clustid=974, order=0, coreidx1=1064, coreidx2=1064
2024/12/17 08:41:21.657 [AWT-EventQueue-0] INFO   cgdp.corealign.DomCluster domNo=0, name=DYY97_RS07655, spec=gm10478
2024/12/17 08:41:21.657 [AWT-EventQueue-0] INFO   cgdp.corealign.DomCluster clustid=974, order=0, coreidx1=1064, coreidx2=1064
2024/12/17 08:41:21.657 [AWT-EventQueue-0] INFO   cgdp.corealign.DomCluster domNo=0, name=LCABL_RS08910, spec=lcb
2024/12/17 08:41:21.657 [AWT-EventQueue-0] INFO   cgdp.corealign.DomCluster clustid=974, order=0, coreidx1=1064, coreidx2=1064
2024/12/17 08:41:21.657 [AWT-EventQueue-0] INFO   cgdp.corealign.DomCluster domNo=0, name=BN194_RS08930, spec=lcw
2024/12/17 08:41:21.657 [AWT-EventQueue-0] INFO   cgdp.corealign.DomCluster clustid=974, order=0, coreidx1=1064, coreidx2=1064
2024/12/17 08:41:21.657 [AWT-EventQueue-0] INFO   cgdp.corealign.DomCluster domNo=0, name=LCA12A_RS07860, spec=lcx
2024/12/17 08:41:21.657 [AWT-EventQueue-0] INFO   cgdp.corealign.DomCluster clustid=974, order=0, coreidx1=1064, coreidx2=1064
2024/12/17 08:41:21.657 [AWT-EventQueue-0] INFO   cgdp.corealign.Cluster Cluster id=1970, name=1970
2024/12/17 08:41:21.657 [AWT-EventQueue-0] INFO   cgdp.corealign.DomCluster domNo=0, name=LBCZ_RS08010, spec=gm04274
2024/12/17 08:41:21.657 [AWT-EventQueue-0] INFO   cgdp.corealign.DomCluster clustid=1970, order=0, coreidx1=1135, coreidx2=1135
2024/12/17 08:41:21.657 [AWT-EventQueue-0] INFO   cgdp.corealign.DomCluster domNo=0, name=LCYAK_RS09035, spec=gm05061
2024/12/17 08:41:21.657 [AWT-EventQueue-0] INFO   cgdp.corealign.DomCluster clustid=1970, order=0, coreidx1=1135, coreidx2=1135
2024/12/17 08:41:21.657 [AWT-EventQueue-0] INFO   cgdp.corealign.DomCluster domNo=0, name=LCACT_RS09215, spec=gm05066
2024/12/17 08:41:21.657 [AWT-EventQueue-0] INFO   cgdp.corealign.DomCluster clustid=1970, order=0, coreidx1=1135, coreidx2=1135
2024/12/17 08:41:21.657 [AWT-EventQueue-0] INFO   cgdp.corealign.DomCluster domNo=0, name=BGL52_RS08695, spec=gm08549
2024/12/17 08:41:21.657 [AWT-EventQueue-0] INFO   cgdp.corealign.DomCluster clustid=1970, order=0, coreidx1=1135, coreidx2=1135
2024/12/17 08:41:21.657 [AWT-EventQueue-0] INFO   cgdp.corealign.DomCluster domNo=0, name=DYY97_RS08035, spec=gm10478
2024/12/17 08:41:21.657 [AWT-EventQueue-0] INFO   cgdp.corealign.DomCluster clustid=1970, order=0, coreidx1=1135, coreidx2=1135
2024/12/17 08:41:21.657 [AWT-EventQueue-0] INFO   cgdp.corealign.DomCluster domNo=0, name=LCABL_RS09295, spec=lcb
2024/12/17 08:41:21.657 [AWT-EventQueue-0] INFO   cgdp.corealign.DomCluster clustid=1970, order=0, coreidx1=1135, coreidx2=1135
2024/12/17 08:41:21.657 [AWT-EventQueue-0] INFO   cgdp.corealign.DomCluster domNo=0, name=BN194_RS09330, spec=lcw
2024/12/17 08:41:21.657 [AWT-EventQueue-0] INFO   cgdp.corealign.DomCluster clustid=1970, order=0, coreidx1=1135, coreidx2=1135
2024/12/17 08:41:21.657 [AWT-EventQueue-0] INFO   cgdp.corealign.DomCluster domNo=0, name=LCA12A_RS08235, spec=lcx
2024/12/17 08:41:21.657 [AWT-EventQueue-0] INFO   cgdp.corealign.DomCluster clustid=1970, order=0, coreidx1=1135, coreidx2=1135
2024/12/17 08:41:21.657 [AWT-EventQueue-0] INFO   cgdp.corealign.Cluster Cluster id=906, name=906
2024/12/17 08:41:21.658 [AWT-EventQueue-0] INFO   cgdp.corealign.DomCluster domNo=0, name=LBCZ_RS08275, spec=gm04274
2024/12/17 08:41:21.658 [AWT-EventQueue-0] INFO   cgdp.corealign.DomCluster clustid=906, order=0, coreidx1=1172, coreidx2=1172
2024/12/17 08:41:21.658 [AWT-EventQueue-0] INFO   cgdp.corealign.DomCluster domNo=0, name=LCYAK_RS09225, spec=gm05061
2024/12/17 08:41:21.658 [AWT-EventQueue-0] INFO   cgdp.corealign.DomCluster clustid=906, order=0, coreidx1=1172, coreidx2=1172
2024/12/17 08:41:21.658 [AWT-EventQueue-0] INFO   cgdp.corealign.DomCluster domNo=0, name=LCACT_RS09405, spec=gm05066
2024/12/17 08:41:21.658 [AWT-EventQueue-0] INFO   cgdp.corealign.DomCluster clustid=906, order=0, coreidx1=1172, coreidx2=1172
2024/12/17 08:41:21.658 [AWT-EventQueue-0] INFO   cgdp.corealign.DomCluster domNo=0, name=BGL52_RS08945, spec=gm08549
2024/12/17 08:41:21.658 [AWT-EventQueue-0] INFO   cgdp.corealign.DomCluster clustid=906, order=0, coreidx1=1172, coreidx2=1172
2024/12/17 08:41:21.658 [AWT-EventQueue-0] INFO   cgdp.corealign.DomCluster domNo=0, name=DYY97_RS08255, spec=gm10478
2024/12/17 08:41:21.658 [AWT-EventQueue-0] INFO   cgdp.corealign.DomCluster clustid=906, order=0, coreidx1=1172, coreidx2=1172
2024/12/17 08:41:21.658 [AWT-EventQueue-0] INFO   cgdp.corealign.DomCluster domNo=0, name=LCABL_RS09485, spec=lcb
2024/12/17 08:41:21.658 [AWT-EventQueue-0] INFO   cgdp.corealign.DomCluster clustid=906, order=0, coreidx1=1172, coreidx2=1172
2024/12/17 08:41:21.658 [AWT-EventQueue-0] INFO   cgdp.corealign.DomCluster domNo=0, name=BN194_RS09520, spec=lcw
2024/12/17 08:41:21.658 [AWT-EventQueue-0] INFO   cgdp.corealign.DomCluster clustid=906, order=0, coreidx1=1172, coreidx2=1172
2024/12/17 08:41:21.658 [AWT-EventQueue-0] INFO   cgdp.corealign.DomCluster domNo=0, name=LCA12A_RS08425, spec=lcx
2024/12/17 08:41:21.658 [AWT-EventQueue-0] INFO   cgdp.corealign.DomCluster clustid=906, order=0, coreidx1=1172, coreidx2=1172
2024/12/17 08:41:21.658 [AWT-EventQueue-0] INFO   cgdp.corealign.Cluster Cluster id=1505, name=1505
2024/12/17 08:41:21.658 [AWT-EventQueue-0] INFO   cgdp.corealign.DomCluster domNo=0, name=LBCZ_RS07975, spec=gm04274
2024/12/17 08:41:21.658 [AWT-EventQueue-0] INFO   cgdp.corealign.DomCluster clustid=1505, order=0, coreidx1=1128, coreidx2=1128
2024/12/17 08:41:21.658 [AWT-EventQueue-0] INFO   cgdp.corealign.DomCluster domNo=0, name=LCYAK_RS08995, spec=gm05061
2024/12/17 08:41:21.658 [AWT-EventQueue-0] INFO   cgdp.corealign.DomCluster clustid=1505, order=0, coreidx1=1128, coreidx2=1128
2024/12/17 08:41:21.658 [AWT-EventQueue-0] INFO   cgdp.corealign.DomCluster domNo=0, name=LCACT_RS09175, spec=gm05066
2024/12/17 08:41:21.658 [AWT-EventQueue-0] INFO   cgdp.corealign.DomCluster clustid=1505, order=0, coreidx1=1128, coreidx2=1128
2024/12/17 08:41:21.658 [AWT-EventQueue-0] INFO   cgdp.corealign.DomCluster domNo=0, name=BGL52_RS08660, spec=gm08549
2024/12/17 08:41:21.658 [AWT-EventQueue-0] INFO   cgdp.corealign.DomCluster clustid=1505, order=0, coreidx1=1128, coreidx2=1128
2024/12/17 08:41:21.658 [AWT-EventQueue-0] INFO   cgdp.corealign.DomCluster domNo=0, name=DYY97_RS08000, spec=gm10478
2024/12/17 08:41:21.658 [AWT-EventQueue-0] INFO   cgdp.corealign.DomCluster clustid=1505, order=0, coreidx1=1128, coreidx2=1128
2024/12/17 08:41:21.658 [AWT-EventQueue-0] INFO   cgdp.corealign.DomCluster domNo=0, name=LCABL_RS09255, spec=lcb
2024/12/17 08:41:21.658 [AWT-EventQueue-0] INFO   cgdp.corealign.DomCluster clustid=1505, order=0, coreidx1=1128, coreidx2=1128
2024/12/17 08:41:21.658 [AWT-EventQueue-0] INFO   cgdp.corealign.DomCluster domNo=0, name=BN194_RS09290, spec=lcw
2024/12/17 08:41:21.658 [AWT-EventQueue-0] INFO   cgdp.corealign.DomCluster clustid=1505, order=0, coreidx1=1128, coreidx2=1128
2024/12/17 08:41:21.658 [AWT-EventQueue-0] INFO   cgdp.corealign.DomCluster domNo=0, name=LCA12A_RS08190, spec=lcx
2024/12/17 08:41:21.658 [AWT-EventQueue-0] INFO   cgdp.corealign.DomCluster clustid=1505, order=0, coreidx1=1128, coreidx2=1128
2024/12/17 08:41:21.658 [AWT-EventQueue-0] INFO   cgdp.corealign.Cluster Cluster id=2453, name=2453
2024/12/17 08:41:21.658 [AWT-EventQueue-0] INFO   cgdp.corealign.DomCluster domNo=0, name=LBCZ_RS08425, spec=gm04274
2024/12/17 08:41:21.658 [AWT-EventQueue-0] INFO   cgdp.corealign.DomCluster clustid=2453, order=0, coreidx1=1199, coreidx2=1199
2024/12/17 08:41:21.658 [AWT-EventQueue-0] INFO   cgdp.corealign.DomCluster domNo=0, name=LCYAK_RS09365, spec=gm05061
2024/12/17 08:41:21.658 [AWT-EventQueue-0] INFO   cgdp.corealign.DomCluster clustid=2453, order=0, coreidx1=1199, coreidx2=1199
2024/12/17 08:41:21.658 [AWT-EventQueue-0] INFO   cgdp.corealign.DomCluster domNo=0, name=LCACT_RS09545, spec=gm05066
2024/12/17 08:41:21.658 [AWT-EventQueue-0] INFO   cgdp.corealign.DomCluster clustid=2453, order=0, coreidx1=1199, coreidx2=1199
2024/12/17 08:41:21.658 [AWT-EventQueue-0] INFO   cgdp.corealign.DomCluster domNo=0, name=BGL52_RS09105, spec=gm08549
2024/12/17 08:41:21.658 [AWT-EventQueue-0] INFO   cgdp.corealign.DomCluster clustid=2453, order=0, coreidx1=1199, coreidx2=1199
2024/12/17 08:41:21.658 [AWT-EventQueue-0] INFO   cgdp.corealign.DomCluster domNo=0, name=DYY97_RS08400, spec=gm10478
2024/12/17 08:41:21.658 [AWT-EventQueue-0] INFO   cgdp.corealign.DomCluster clustid=2453, order=0, coreidx1=1199, coreidx2=1199
2024/12/17 08:41:21.658 [AWT-EventQueue-0] INFO   cgdp.corealign.DomCluster domNo=0, name=LCABL_RS09625, spec=lcb
2024/12/17 08:41:21.658 [AWT-EventQueue-0] INFO   cgdp.corealign.DomCluster clustid=2453, order=0, coreidx1=1199, coreidx2=1199
2024/12/17 08:41:21.658 [AWT-EventQueue-0] INFO   cgdp.corealign.DomCluster domNo=0, name=BN194_RS09665, spec=lcw
2024/12/17 08:41:21.658 [AWT-EventQueue-0] INFO   cgdp.corealign.DomCluster clustid=2453, order=0, coreidx1=1199, coreidx2=1199
2024/12/17 08:41:21.658 [AWT-EventQueue-0] INFO   cgdp.corealign.DomCluster domNo=0, name=LCA12A_RS08565, spec=lcx
2024/12/17 08:41:21.659 [AWT-EventQueue-0] INFO   cgdp.corealign.DomCluster clustid=2453, order=0, coreidx1=1199, coreidx2=1199
2024/12/17 08:41:21.659 [AWT-EventQueue-0] INFO   cgdp.corealign.Cluster Cluster id=2236, name=2236
2024/12/17 08:41:21.659 [AWT-EventQueue-0] INFO   cgdp.corealign.DomCluster domNo=0, name=LBCZ_RS08400, spec=gm04274
2024/12/17 08:41:21.659 [AWT-EventQueue-0] INFO   cgdp.corealign.DomCluster clustid=2236, order=0, coreidx1=1194, coreidx2=1194
2024/12/17 08:41:21.659 [AWT-EventQueue-0] INFO   cgdp.corealign.DomCluster domNo=0, name=LCYAK_RS09340, spec=gm05061
2024/12/17 08:41:21.659 [AWT-EventQueue-0] INFO   cgdp.corealign.DomCluster clustid=2236, order=0, coreidx1=1194, coreidx2=1194
2024/12/17 08:41:21.659 [AWT-EventQueue-0] INFO   cgdp.corealign.DomCluster domNo=0, name=LCACT_RS09520, spec=gm05066
2024/12/17 08:41:21.659 [AWT-EventQueue-0] INFO   cgdp.corealign.DomCluster clustid=2236, order=0, coreidx1=1194, coreidx2=1194
2024/12/17 08:41:21.659 [AWT-EventQueue-0] INFO   cgdp.corealign.DomCluster domNo=0, name=BGL52_RS09075, spec=gm08549
2024/12/17 08:41:21.659 [AWT-EventQueue-0] INFO   cgdp.corealign.DomCluster clustid=2236, order=0, coreidx1=1194, coreidx2=1194
2024/12/17 08:41:21.659 [AWT-EventQueue-0] INFO   cgdp.corealign.DomCluster domNo=0, name=DYY97_RS08370, spec=gm10478
2024/12/17 08:41:21.659 [AWT-EventQueue-0] INFO   cgdp.corealign.DomCluster clustid=2236, order=0, coreidx1=1194, coreidx2=1194
2024/12/17 08:41:21.659 [AWT-EventQueue-0] INFO   cgdp.corealign.DomCluster domNo=0, name=LCABL_RS09600, spec=lcb
2024/12/17 08:41:21.659 [AWT-EventQueue-0] INFO   cgdp.corealign.DomCluster clustid=2236, order=0, coreidx1=1194, coreidx2=1194
2024/12/17 08:41:21.659 [AWT-EventQueue-0] INFO   cgdp.corealign.DomCluster domNo=0, name=BN194_RS09635, spec=lcw
2024/12/17 08:41:21.659 [AWT-EventQueue-0] INFO   cgdp.corealign.DomCluster clustid=2236, order=0, coreidx1=1194, coreidx2=1194
2024/12/17 08:41:21.659 [AWT-EventQueue-0] INFO   cgdp.corealign.DomCluster domNo=0, name=LCA12A_RS08540, spec=lcx
2024/12/17 08:41:21.659 [AWT-EventQueue-0] INFO   cgdp.corealign.DomCluster clustid=2236, order=0, coreidx1=1194, coreidx2=1194
2024/12/17 08:41:21.659 [AWT-EventQueue-0] INFO   cgdp.corealign.Cluster Cluster id=1957, name=1957
2024/12/17 08:41:21.659 [AWT-EventQueue-0] INFO   cgdp.corealign.DomCluster domNo=0, name=LBCZ_RS08340, spec=gm04274
2024/12/17 08:41:21.659 [AWT-EventQueue-0] INFO   cgdp.corealign.DomCluster clustid=1957, order=0, coreidx1=1183, coreidx2=1183
2024/12/17 08:41:21.659 [AWT-EventQueue-0] INFO   cgdp.corealign.DomCluster domNo=0, name=LCYAK_RS09285, spec=gm05061
2024/12/17 08:41:21.659 [AWT-EventQueue-0] INFO   cgdp.corealign.DomCluster clustid=1957, order=0, coreidx1=1183, coreidx2=1183
2024/12/17 08:41:21.659 [AWT-EventQueue-0] INFO   cgdp.corealign.DomCluster domNo=0, name=LCACT_RS09465, spec=gm05066
2024/12/17 08:41:21.659 [AWT-EventQueue-0] INFO   cgdp.corealign.DomCluster clustid=1957, order=0, coreidx1=1183, coreidx2=1183
2024/12/17 08:41:21.659 [AWT-EventQueue-0] INFO   cgdp.corealign.DomCluster domNo=0, name=BGL52_RS09005, spec=gm08549
2024/12/17 08:41:21.659 [AWT-EventQueue-0] INFO   cgdp.corealign.DomCluster clustid=1957, order=0, coreidx1=1183, coreidx2=1183
2024/12/17 08:41:21.659 [AWT-EventQueue-0] INFO   cgdp.corealign.DomCluster domNo=0, name=DYY97_RS08315, spec=gm10478
2024/12/17 08:41:21.659 [AWT-EventQueue-0] INFO   cgdp.corealign.DomCluster clustid=1957, order=0, coreidx1=1183, coreidx2=1183
2024/12/17 08:41:21.659 [AWT-EventQueue-0] INFO   cgdp.corealign.DomCluster domNo=0, name=LCABL_RS09545, spec=lcb
2024/12/17 08:41:21.659 [AWT-EventQueue-0] INFO   cgdp.corealign.DomCluster clustid=1957, order=0, coreidx1=1183, coreidx2=1183
2024/12/17 08:41:21.659 [AWT-EventQueue-0] INFO   cgdp.corealign.DomCluster domNo=0, name=BN194_RS09580, spec=lcw
2024/12/17 08:41:21.660 [AWT-EventQueue-0] INFO   cgdp.corealign.DomCluster clustid=1957, order=0, coreidx1=1183, coreidx2=1183
2024/12/17 08:41:21.660 [AWT-EventQueue-0] INFO   cgdp.corealign.DomCluster domNo=0, name=LCA12A_RS08485, spec=lcx
2024/12/17 08:41:21.660 [AWT-EventQueue-0] INFO   cgdp.corealign.DomCluster clustid=1957, order=0, coreidx1=1183, coreidx2=1183
2024/12/17 08:41:21.660 [AWT-EventQueue-0] INFO   cgdp.corealign.Cluster Cluster id=1581, name=1581
2024/12/17 08:41:21.660 [AWT-EventQueue-0] INFO   cgdp.corealign.DomCluster domNo=0, name=LBCZ_RS08235, spec=gm04274
2024/12/17 08:41:21.660 [AWT-EventQueue-0] INFO   cgdp.corealign.DomCluster clustid=1581, order=0, coreidx1=1164, coreidx2=1164
2024/12/17 08:41:21.660 [AWT-EventQueue-0] INFO   cgdp.corealign.DomCluster domNo=0, name=LCYAK_RS09185, spec=gm05061
2024/12/17 08:41:21.660 [AWT-EventQueue-0] INFO   cgdp.corealign.DomCluster clustid=1581, order=0, coreidx1=1164, coreidx2=1164
2024/12/17 08:41:21.660 [AWT-EventQueue-0] INFO   cgdp.corealign.DomCluster domNo=0, name=LCACT_RS09365, spec=gm05066
2024/12/17 08:41:21.660 [AWT-EventQueue-0] INFO   cgdp.corealign.DomCluster clustid=1581, order=0, coreidx1=1164, coreidx2=1164
2024/12/17 08:41:21.660 [AWT-EventQueue-0] INFO   cgdp.corealign.DomCluster domNo=0, name=BGL52_RS08900, spec=gm08549
2024/12/17 08:41:21.660 [AWT-EventQueue-0] INFO   cgdp.corealign.DomCluster clustid=1581, order=0, coreidx1=1164, coreidx2=1164
2024/12/17 08:41:21.660 [AWT-EventQueue-0] INFO   cgdp.corealign.DomCluster domNo=0, name=DYY97_RS08210, spec=gm10478
2024/12/17 08:41:21.660 [AWT-EventQueue-0] INFO   cgdp.corealign.DomCluster clustid=1581, order=0, coreidx1=1164, coreidx2=1164
2024/12/17 08:41:21.660 [AWT-EventQueue-0] INFO   cgdp.corealign.DomCluster domNo=0, name=LCABL_RS09445, spec=lcb
2024/12/17 08:41:21.660 [AWT-EventQueue-0] INFO   cgdp.corealign.DomCluster clustid=1581, order=0, coreidx1=1164, coreidx2=1164
2024/12/17 08:41:21.660 [AWT-EventQueue-0] INFO   cgdp.corealign.DomCluster domNo=0, name=BN194_RS09480, spec=lcw
2024/12/17 08:41:21.660 [AWT-EventQueue-0] INFO   cgdp.corealign.DomCluster clustid=1581, order=0, coreidx1=1164, coreidx2=1164
2024/12/17 08:41:21.660 [AWT-EventQueue-0] INFO   cgdp.corealign.DomCluster domNo=0, name=LCA12A_RS08385, spec=lcx
2024/12/17 08:41:21.660 [AWT-EventQueue-0] INFO   cgdp.corealign.DomCluster clustid=1581, order=0, coreidx1=1164, coreidx2=1164
2024/12/17 08:41:21.660 [AWT-EventQueue-0] INFO   cgdp.corealign.Cluster Cluster id=1549, name=1549
2024/12/17 08:41:21.660 [AWT-EventQueue-0] INFO   cgdp.corealign.DomCluster domNo=1, name=LBCZ_RS07740, spec=gm04274
2024/12/17 08:41:21.660 [AWT-EventQueue-0] INFO   cgdp.corealign.DomCluster clustid=1549, order=0, coreidx1=1086, coreidx2=1086
2024/12/17 08:41:21.660 [AWT-EventQueue-0] INFO   cgdp.corealign.DomCluster domNo=0, name=LCYAK_RS08760, spec=gm05061
2024/12/17 08:41:21.660 [AWT-EventQueue-0] INFO   cgdp.corealign.DomCluster clustid=1549, order=0, coreidx1=1086, coreidx2=1086
2024/12/17 08:41:21.660 [AWT-EventQueue-0] INFO   cgdp.corealign.DomCluster domNo=0, name=LCACT_RS08940, spec=gm05066
2024/12/17 08:41:21.660 [AWT-EventQueue-0] INFO   cgdp.corealign.DomCluster clustid=1549, order=0, coreidx1=1086, coreidx2=1086
2024/12/17 08:41:21.660 [AWT-EventQueue-0] INFO   cgdp.corealign.DomCluster domNo=1, name=BGL52_RS08430, spec=gm08549
2024/12/17 08:41:21.660 [AWT-EventQueue-0] INFO   cgdp.corealign.DomCluster clustid=1549, order=0, coreidx1=1086, coreidx2=1086
2024/12/17 08:41:21.660 [AWT-EventQueue-0] INFO   cgdp.corealign.DomCluster domNo=1, name=DYY97_RS07770, spec=gm10478
2024/12/17 08:41:21.660 [AWT-EventQueue-0] INFO   cgdp.corealign.DomCluster clustid=1549, order=0, coreidx1=1086, coreidx2=1086
2024/12/17 08:41:21.660 [AWT-EventQueue-0] INFO   cgdp.corealign.DomCluster domNo=0, name=LCABL_RS09020, spec=lcb
2024/12/17 08:41:21.660 [AWT-EventQueue-0] INFO   cgdp.corealign.DomCluster clustid=1549, order=0, coreidx1=1086, coreidx2=1086
2024/12/17 08:41:21.660 [AWT-EventQueue-0] INFO   cgdp.corealign.DomCluster domNo=0, name=BN194_RS09050, spec=lcw
2024/12/17 08:41:21.660 [AWT-EventQueue-0] INFO   cgdp.corealign.DomCluster clustid=1549, order=0, coreidx1=1086, coreidx2=1086
2024/12/17 08:41:21.660 [AWT-EventQueue-0] INFO   cgdp.corealign.DomCluster domNo=1, name=LCA12A_RS07965, spec=lcx
2024/12/17 08:41:21.660 [AWT-EventQueue-0] INFO   cgdp.corealign.DomCluster clustid=1549, order=0, coreidx1=1086, coreidx2=1086
2024/12/17 08:41:21.660 [AWT-EventQueue-0] INFO   cgdp.corealign.Cluster Cluster id=2017, name=2017
2024/12/17 08:41:21.660 [AWT-EventQueue-0] INFO   cgdp.corealign.DomCluster domNo=0, name=LBCZ_RS07625, spec=gm04274
2024/12/17 08:41:21.660 [AWT-EventQueue-0] INFO   cgdp.corealign.DomCluster clustid=2017, order=0, coreidx1=1062, coreidx2=1062
2024/12/17 08:41:21.660 [AWT-EventQueue-0] INFO   cgdp.corealign.DomCluster domNo=0, name=LCYAK_RS08640, spec=gm05061
2024/12/17 08:41:21.660 [AWT-EventQueue-0] INFO   cgdp.corealign.DomCluster clustid=2017, order=0, coreidx1=1062, coreidx2=1062
2024/12/17 08:41:21.660 [AWT-EventQueue-0] INFO   cgdp.corealign.DomCluster domNo=0, name=LCACT_RS08820, spec=gm05066
2024/12/17 08:41:21.660 [AWT-EventQueue-0] INFO   cgdp.corealign.DomCluster clustid=2017, order=0, coreidx1=1062, coreidx2=1062
2024/12/17 08:41:21.660 [AWT-EventQueue-0] INFO   cgdp.corealign.DomCluster domNo=0, name=BGL52_RS08305, spec=gm08549
2024/12/17 08:41:21.660 [AWT-EventQueue-0] INFO   cgdp.corealign.DomCluster clustid=2017, order=0, coreidx1=1062, coreidx2=1062
2024/12/17 08:41:21.660 [AWT-EventQueue-0] INFO   cgdp.corealign.DomCluster domNo=0, name=DYY97_RS07645, spec=gm10478
2024/12/17 08:41:21.660 [AWT-EventQueue-0] INFO   cgdp.corealign.DomCluster clustid=2017, order=0, coreidx1=1062, coreidx2=1062
2024/12/17 08:41:21.660 [AWT-EventQueue-0] INFO   cgdp.corealign.DomCluster domNo=0, name=LCABL_RS08900, spec=lcb
2024/12/17 08:41:21.660 [AWT-EventQueue-0] INFO   cgdp.corealign.DomCluster clustid=2017, order=0, coreidx1=1062, coreidx2=1062
2024/12/17 08:41:21.660 [AWT-EventQueue-0] INFO   cgdp.corealign.DomCluster domNo=0, name=BN194_RS08920, spec=lcw
2024/12/17 08:41:21.660 [AWT-EventQueue-0] INFO   cgdp.corealign.DomCluster clustid=2017, order=0, coreidx1=1062, coreidx2=1062
2024/12/17 08:41:21.660 [AWT-EventQueue-0] INFO   cgdp.corealign.DomCluster domNo=0, name=LCA12A_RS07850, spec=lcx
2024/12/17 08:41:21.660 [AWT-EventQueue-0] INFO   cgdp.corealign.DomCluster clustid=2017, order=0, coreidx1=1062, coreidx2=1062
2024/12/17 08:41:21.661 [AWT-EventQueue-0] INFO   cgdp.corealign.Cluster Cluster id=1451, name=1451
2024/12/17 08:41:21.661 [AWT-EventQueue-0] INFO   cgdp.corealign.DomCluster domNo=0, name=LBCZ_RS07745, spec=gm04274
2024/12/17 08:41:21.661 [AWT-EventQueue-0] INFO   cgdp.corealign.DomCluster clustid=1451, order=0, coreidx1=1087, coreidx2=1087
2024/12/17 08:41:21.661 [AWT-EventQueue-0] INFO   cgdp.corealign.DomCluster domNo=0, name=LCYAK_RS08765, spec=gm05061
2024/12/17 08:41:21.661 [AWT-EventQueue-0] INFO   cgdp.corealign.DomCluster clustid=1451, order=0, coreidx1=1087, coreidx2=1087
2024/12/17 08:41:21.661 [AWT-EventQueue-0] INFO   cgdp.corealign.DomCluster domNo=0, name=LCACT_RS08945, spec=gm05066
2024/12/17 08:41:21.661 [AWT-EventQueue-0] INFO   cgdp.corealign.DomCluster clustid=1451, order=0, coreidx1=1087, coreidx2=1087
2024/12/17 08:41:21.661 [AWT-EventQueue-0] INFO   cgdp.corealign.DomCluster domNo=0, name=BGL52_RS08435, spec=gm08549
2024/12/17 08:41:21.661 [AWT-EventQueue-0] INFO   cgdp.corealign.DomCluster clustid=1451, order=0, coreidx1=1087, coreidx2=1087
2024/12/17 08:41:21.661 [AWT-EventQueue-0] INFO   cgdp.corealign.DomCluster domNo=0, name=DYY97_RS07775, spec=gm10478
2024/12/17 08:41:21.661 [AWT-EventQueue-0] INFO   cgdp.corealign.DomCluster clustid=1451, order=0, coreidx1=1087, coreidx2=1087
2024/12/17 08:41:21.661 [AWT-EventQueue-0] INFO   cgdp.corealign.DomCluster domNo=0, name=LCABL_RS09025, spec=lcb
2024/12/17 08:41:21.661 [AWT-EventQueue-0] INFO   cgdp.corealign.DomCluster clustid=1451, order=0, coreidx1=1087, coreidx2=1087
2024/12/17 08:41:21.661 [AWT-EventQueue-0] INFO   cgdp.corealign.DomCluster domNo=0, name=BN194_RS09055, spec=lcw
2024/12/17 08:41:21.661 [AWT-EventQueue-0] INFO   cgdp.corealign.DomCluster clustid=1451, order=0, coreidx1=1087, coreidx2=1087
2024/12/17 08:41:21.661 [AWT-EventQueue-0] INFO   cgdp.corealign.DomCluster domNo=0, name=LCA12A_RS07970, spec=lcx
2024/12/17 08:41:21.661 [AWT-EventQueue-0] INFO   cgdp.corealign.DomCluster clustid=1451, order=0, coreidx1=1087, coreidx2=1087
2024/12/17 08:41:21.661 [AWT-EventQueue-0] INFO   cgdp.corealign.Cluster Cluster id=2624, name=2624
2024/12/17 08:41:21.661 [AWT-EventQueue-0] INFO   cgdp.corealign.DomCluster domNo=0, name=LBCZ_RS07540, spec=gm04274
2024/12/17 08:41:21.661 [AWT-EventQueue-0] INFO   cgdp.corealign.DomCluster clustid=2624, order=0, coreidx1=1046, coreidx2=1046
2024/12/17 08:41:21.661 [AWT-EventQueue-0] INFO   cgdp.corealign.DomCluster domNo=0, name=LCYAK_RS08560, spec=gm05061
2024/12/17 08:41:21.661 [AWT-EventQueue-0] INFO   cgdp.corealign.DomCluster clustid=2624, order=0, coreidx1=1046, coreidx2=1046
2024/12/17 08:41:21.661 [AWT-EventQueue-0] INFO   cgdp.corealign.DomCluster domNo=0, name=LCACT_RS08740, spec=gm05066
2024/12/17 08:41:21.661 [AWT-EventQueue-0] INFO   cgdp.corealign.DomCluster clustid=2624, order=0, coreidx1=1046, coreidx2=1046
2024/12/17 08:41:21.661 [AWT-EventQueue-0] INFO   cgdp.corealign.DomCluster domNo=0, name=BGL52_RS08215, spec=gm08549
2024/12/17 08:41:21.661 [AWT-EventQueue-0] INFO   cgdp.corealign.DomCluster clustid=2624, order=0, coreidx1=1046, coreidx2=1046
2024/12/17 08:41:21.661 [AWT-EventQueue-0] INFO   cgdp.corealign.DomCluster domNo=0, name=DYY97_RS07560, spec=gm10478
2024/12/17 08:41:21.661 [AWT-EventQueue-0] INFO   cgdp.corealign.DomCluster clustid=2624, order=0, coreidx1=1046, coreidx2=1046
2024/12/17 08:41:21.661 [AWT-EventQueue-0] INFO   cgdp.corealign.DomCluster domNo=0, name=LCABL_RS08820, spec=lcb
2024/12/17 08:41:21.661 [AWT-EventQueue-0] INFO   cgdp.corealign.DomCluster clustid=2624, order=0, coreidx1=1046, coreidx2=1046
2024/12/17 08:41:21.661 [AWT-EventQueue-0] INFO   cgdp.corealign.DomCluster domNo=0, name=LCA12A_RS07770, spec=lcx
2024/12/17 08:41:21.661 [AWT-EventQueue-0] INFO   cgdp.corealign.DomCluster clustid=2624, order=0, coreidx1=1046, coreidx2=1046
2024/12/17 08:41:21.661 [AWT-EventQueue-0] INFO   cgdp.corealign.Cluster Cluster id=1608, name=1608
2024/12/17 08:41:21.661 [AWT-EventQueue-0] INFO   cgdp.corealign.DomCluster domNo=0, name=LBCZ_RS07675, spec=gm04274
2024/12/17 08:41:21.661 [AWT-EventQueue-0] INFO   cgdp.corealign.DomCluster clustid=1608, order=0, coreidx1=1072, coreidx2=1072
2024/12/17 08:41:21.661 [AWT-EventQueue-0] INFO   cgdp.corealign.DomCluster domNo=0, name=LCYAK_RS08690, spec=gm05061
2024/12/17 08:41:21.661 [AWT-EventQueue-0] INFO   cgdp.corealign.DomCluster clustid=1608, order=0, coreidx1=1072, coreidx2=1072
2024/12/17 08:41:21.661 [AWT-EventQueue-0] INFO   cgdp.corealign.DomCluster domNo=0, name=LCACT_RS08870, spec=gm05066
2024/12/17 08:41:21.661 [AWT-EventQueue-0] INFO   cgdp.corealign.DomCluster clustid=1608, order=0, coreidx1=1072, coreidx2=1072
2024/12/17 08:41:21.661 [AWT-EventQueue-0] INFO   cgdp.corealign.DomCluster domNo=0, name=BGL52_RS08360, spec=gm08549
2024/12/17 08:41:21.661 [AWT-EventQueue-0] INFO   cgdp.corealign.DomCluster clustid=1608, order=0, coreidx1=1072, coreidx2=1072
2024/12/17 08:41:21.661 [AWT-EventQueue-0] INFO   cgdp.corealign.DomCluster domNo=0, name=DYY97_RS07700, spec=gm10478
2024/12/17 08:41:21.661 [AWT-EventQueue-0] INFO   cgdp.corealign.DomCluster clustid=1608, order=0, coreidx1=1072, coreidx2=1072
2024/12/17 08:41:21.661 [AWT-EventQueue-0] INFO   cgdp.corealign.DomCluster domNo=0, name=LCABL_RS08950, spec=lcb
2024/12/17 08:41:21.661 [AWT-EventQueue-0] INFO   cgdp.corealign.DomCluster clustid=1608, order=0, coreidx1=1072, coreidx2=1072
2024/12/17 08:41:21.661 [AWT-EventQueue-0] INFO   cgdp.corealign.DomCluster domNo=0, name=BN194_RS08970, spec=lcw
2024/12/17 08:41:21.661 [AWT-EventQueue-0] INFO   cgdp.corealign.DomCluster clustid=1608, order=0, coreidx1=1072, coreidx2=1072
2024/12/17 08:41:21.661 [AWT-EventQueue-0] INFO   cgdp.corealign.DomCluster domNo=0, name=LCA12A_RS07900, spec=lcx
2024/12/17 08:41:21.661 [AWT-EventQueue-0] INFO   cgdp.corealign.DomCluster clustid=1608, order=0, coreidx1=1072, coreidx2=1072
2024/12/17 08:41:21.661 [AWT-EventQueue-0] INFO   cgdp.corealign.Cluster Cluster id=1473, name=1473
2024/12/17 08:41:21.661 [AWT-EventQueue-0] INFO   cgdp.corealign.DomCluster domNo=2, name=LBCZ_RS07740, spec=gm04274
2024/12/17 08:41:21.661 [AWT-EventQueue-0] INFO   cgdp.corealign.DomCluster clustid=1473, order=0, coreidx1=1085, coreidx2=1085
2024/12/17 08:41:21.661 [AWT-EventQueue-0] INFO   cgdp.corealign.DomCluster domNo=0, name=LCYAK_RS08755, spec=gm05061
2024/12/17 08:41:21.661 [AWT-EventQueue-0] INFO   cgdp.corealign.DomCluster clustid=1473, order=0, coreidx1=1085, coreidx2=1085
2024/12/17 08:41:21.661 [AWT-EventQueue-0] INFO   cgdp.corealign.DomCluster domNo=0, name=LCACT_RS08935, spec=gm05066
2024/12/17 08:41:21.661 [AWT-EventQueue-0] INFO   cgdp.corealign.DomCluster clustid=1473, order=0, coreidx1=1085, coreidx2=1085
2024/12/17 08:41:21.661 [AWT-EventQueue-0] INFO   cgdp.corealign.DomCluster domNo=2, name=BGL52_RS08430, spec=gm08549
2024/12/17 08:41:21.661 [AWT-EventQueue-0] INFO   cgdp.corealign.DomCluster clustid=1473, order=0, coreidx1=1085, coreidx2=1085
2024/12/17 08:41:21.661 [AWT-EventQueue-0] INFO   cgdp.corealign.DomCluster domNo=2, name=DYY97_RS07770, spec=gm10478
2024/12/17 08:41:21.661 [AWT-EventQueue-0] INFO   cgdp.corealign.DomCluster clustid=1473, order=0, coreidx1=1085, coreidx2=1085
2024/12/17 08:41:21.661 [AWT-EventQueue-0] INFO   cgdp.corealign.DomCluster domNo=0, name=LCABL_RS09015, spec=lcb
2024/12/17 08:41:21.661 [AWT-EventQueue-0] INFO   cgdp.corealign.DomCluster clustid=1473, order=0, coreidx1=1085, coreidx2=1085
2024/12/17 08:41:21.661 [AWT-EventQueue-0] INFO   cgdp.corealign.DomCluster domNo=0, name=BN194_RS09045, spec=lcw
2024/12/17 08:41:21.661 [AWT-EventQueue-0] INFO   cgdp.corealign.DomCluster clustid=1473, order=0, coreidx1=1085, coreidx2=1085
2024/12/17 08:41:21.661 [AWT-EventQueue-0] INFO   cgdp.corealign.DomCluster domNo=2, name=LCA12A_RS07965, spec=lcx
2024/12/17 08:41:21.661 [AWT-EventQueue-0] INFO   cgdp.corealign.DomCluster clustid=1473, order=0, coreidx1=1085, coreidx2=1085
2024/12/17 08:41:21.662 [AWT-EventQueue-0] INFO   cgdp.corealign.Cluster Cluster id=2577, name=2577
2024/12/17 08:41:21.662 [AWT-EventQueue-0] INFO   cgdp.corealign.DomCluster domNo=0, name=LCYAK_RS08955, spec=gm05061
2024/12/17 08:41:21.662 [AWT-EventQueue-0] INFO   cgdp.corealign.DomCluster clustid=2577, order=0, coreidx1=1121, coreidx2=1121
2024/12/17 08:41:21.662 [AWT-EventQueue-0] INFO   cgdp.corealign.DomCluster domNo=0, name=LCACT_RS09135, spec=gm05066
2024/12/17 08:41:21.662 [AWT-EventQueue-0] INFO   cgdp.corealign.DomCluster clustid=2577, order=0, coreidx1=1121, coreidx2=1121
2024/12/17 08:41:21.662 [AWT-EventQueue-0] INFO   cgdp.corealign.DomCluster domNo=0, name=BGL52_RS08620, spec=gm08549
2024/12/17 08:41:21.662 [AWT-EventQueue-0] INFO   cgdp.corealign.DomCluster clustid=2577, order=0, coreidx1=1121, coreidx2=1121
2024/12/17 08:41:21.662 [AWT-EventQueue-0] INFO   cgdp.corealign.DomCluster domNo=0, name=DYY97_RS07960, spec=gm10478
2024/12/17 08:41:21.662 [AWT-EventQueue-0] INFO   cgdp.corealign.DomCluster clustid=2577, order=0, coreidx1=1121, coreidx2=1121
2024/12/17 08:41:21.662 [AWT-EventQueue-0] INFO   cgdp.corealign.DomCluster domNo=0, name=LCABL_RS09215, spec=lcb
2024/12/17 08:41:21.662 [AWT-EventQueue-0] INFO   cgdp.corealign.DomCluster clustid=2577, order=0, coreidx1=1121, coreidx2=1121
2024/12/17 08:41:21.662 [AWT-EventQueue-0] INFO   cgdp.corealign.DomCluster domNo=0, name=BN194_RS09250, spec=lcw
2024/12/17 08:41:21.662 [AWT-EventQueue-0] INFO   cgdp.corealign.DomCluster clustid=2577, order=0, coreidx1=1121, coreidx2=1121
2024/12/17 08:41:21.662 [AWT-EventQueue-0] INFO   cgdp.corealign.DomCluster domNo=0, name=LCA12A_RS08150, spec=lcx
2024/12/17 08:41:21.662 [AWT-EventQueue-0] INFO   cgdp.corealign.DomCluster clustid=2577, order=0, coreidx1=1121, coreidx2=1121
2024/12/17 08:41:21.662 [AWT-EventQueue-0] INFO   cgdp.corealign.Cluster Cluster id=2397, name=2397
2024/12/17 08:41:21.662 [AWT-EventQueue-0] INFO   cgdp.corealign.DomCluster domNo=0, name=LBCZ_RS07855, spec=gm04274
2024/12/17 08:41:21.662 [AWT-EventQueue-0] INFO   cgdp.corealign.DomCluster clustid=2397, order=0, coreidx1=1107, coreidx2=1107
2024/12/17 08:41:21.662 [AWT-EventQueue-0] INFO   cgdp.corealign.DomCluster domNo=0, name=LCYAK_RS08875, spec=gm05061
2024/12/17 08:41:21.662 [AWT-EventQueue-0] INFO   cgdp.corealign.DomCluster clustid=2397, order=0, coreidx1=1107, coreidx2=1107
2024/12/17 08:41:21.662 [AWT-EventQueue-0] INFO   cgdp.corealign.DomCluster domNo=0, name=LCACT_RS09055, spec=gm05066
2024/12/17 08:41:21.662 [AWT-EventQueue-0] INFO   cgdp.corealign.DomCluster clustid=2397, order=0, coreidx1=1107, coreidx2=1107
2024/12/17 08:41:21.662 [AWT-EventQueue-0] INFO   cgdp.corealign.DomCluster domNo=0, name=BGL52_RS08550, spec=gm08549
2024/12/17 08:41:21.662 [AWT-EventQueue-0] INFO   cgdp.corealign.DomCluster clustid=2397, order=0, coreidx1=1107, coreidx2=1107
2024/12/17 08:41:21.662 [AWT-EventQueue-0] INFO   cgdp.corealign.DomCluster domNo=0, name=DYY97_RS07890, spec=gm10478
2024/12/17 08:41:21.662 [AWT-EventQueue-0] INFO   cgdp.corealign.DomCluster clustid=2397, order=0, coreidx1=1107, coreidx2=1107
2024/12/17 08:41:21.662 [AWT-EventQueue-0] INFO   cgdp.corealign.DomCluster domNo=0, name=LCABL_RS09135, spec=lcb
2024/12/17 08:41:21.662 [AWT-EventQueue-0] INFO   cgdp.corealign.DomCluster clustid=2397, order=0, coreidx1=1107, coreidx2=1107
2024/12/17 08:41:21.662 [AWT-EventQueue-0] INFO   cgdp.corealign.DomCluster domNo=0, name=BN194_RS09165, spec=lcw
2024/12/17 08:41:21.662 [AWT-EventQueue-0] INFO   cgdp.corealign.DomCluster clustid=2397, order=0, coreidx1=1107, coreidx2=1107
2024/12/17 08:41:21.662 [AWT-EventQueue-0] INFO   cgdp.corealign.DomCluster domNo=0, name=BN194_RS09170, spec=lcw
2024/12/17 08:41:21.662 [AWT-EventQueue-0] INFO   cgdp.corealign.DomCluster clustid=2397, order=0, coreidx1=1107, coreidx2=1107
2024/12/17 08:41:21.662 [AWT-EventQueue-0] INFO   cgdp.corealign.DomCluster domNo=0, name=LCA12A_RS08080, spec=lcx
2024/12/17 08:41:21.662 [AWT-EventQueue-0] INFO   cgdp.corealign.DomCluster clustid=2397, order=0, coreidx1=1107, coreidx2=1107
2024/12/17 08:41:21.662 [AWT-EventQueue-0] INFO   cgdp.corealign.Cluster Cluster id=2308, name=2308
2024/12/17 08:41:21.662 [AWT-EventQueue-0] INFO   cgdp.corealign.DomCluster domNo=0, name=LBCZ_RS08145, spec=gm04274
2024/12/17 08:41:21.662 [AWT-EventQueue-0] INFO   cgdp.corealign.DomCluster clustid=2308, order=0, coreidx1=1155, coreidx2=1155
2024/12/17 08:41:21.662 [AWT-EventQueue-0] INFO   cgdp.corealign.DomCluster domNo=0, name=LCYAK_RS09140, spec=gm05061
2024/12/17 08:41:21.662 [AWT-EventQueue-0] INFO   cgdp.corealign.DomCluster clustid=2308, order=0, coreidx1=1155, coreidx2=1155
2024/12/17 08:41:21.662 [AWT-EventQueue-0] INFO   cgdp.corealign.DomCluster domNo=0, name=LCACT_RS09320, spec=gm05066
2024/12/17 08:41:21.662 [AWT-EventQueue-0] INFO   cgdp.corealign.DomCluster clustid=2308, order=0, coreidx1=1155, coreidx2=1155
2024/12/17 08:41:21.662 [AWT-EventQueue-0] INFO   cgdp.corealign.DomCluster domNo=0, name=BGL52_RS08830, spec=gm08549
2024/12/17 08:41:21.662 [AWT-EventQueue-0] INFO   cgdp.corealign.DomCluster clustid=2308, order=0, coreidx1=1155, coreidx2=1155
2024/12/17 08:41:21.662 [AWT-EventQueue-0] INFO   cgdp.corealign.DomCluster domNo=0, name=DYY97_RS08140, spec=gm10478
2024/12/17 08:41:21.662 [AWT-EventQueue-0] INFO   cgdp.corealign.DomCluster clustid=2308, order=0, coreidx1=1155, coreidx2=1155
2024/12/17 08:41:21.662 [AWT-EventQueue-0] INFO   cgdp.corealign.DomCluster domNo=0, name=LCABL_RS09400, spec=lcb
2024/12/17 08:41:21.662 [AWT-EventQueue-0] INFO   cgdp.corealign.DomCluster clustid=2308, order=0, coreidx1=1155, coreidx2=1155
2024/12/17 08:41:21.662 [AWT-EventQueue-0] INFO   cgdp.corealign.DomCluster domNo=0, name=BN194_RS09435, spec=lcw
2024/12/17 08:41:21.662 [AWT-EventQueue-0] INFO   cgdp.corealign.DomCluster clustid=2308, order=0, coreidx1=1155, coreidx2=1155
2024/12/17 08:41:21.662 [AWT-EventQueue-0] INFO   cgdp.corealign.DomCluster domNo=0, name=LCA12A_RS08340, spec=lcx
2024/12/17 08:41:21.662 [AWT-EventQueue-0] INFO   cgdp.corealign.DomCluster clustid=2308, order=0, coreidx1=1155, coreidx2=1155
2024/12/17 08:41:21.662 [AWT-EventQueue-0] INFO   cgdp.corealign.Cluster Cluster id=2471, name=2471
2024/12/17 08:41:21.662 [AWT-EventQueue-0] INFO   cgdp.corealign.DomCluster domNo=0, name=LBCZ_RS07620, spec=gm04274
2024/12/17 08:41:21.662 [AWT-EventQueue-0] INFO   cgdp.corealign.DomCluster clustid=2471, order=0, coreidx1=1061, coreidx2=1061
2024/12/17 08:41:21.662 [AWT-EventQueue-0] INFO   cgdp.corealign.DomCluster domNo=0, name=LCYAK_RS08635, spec=gm05061
2024/12/17 08:41:21.662 [AWT-EventQueue-0] INFO   cgdp.corealign.DomCluster clustid=2471, order=0, coreidx1=1061, coreidx2=1061
2024/12/17 08:41:21.662 [AWT-EventQueue-0] INFO   cgdp.corealign.DomCluster domNo=0, name=LCACT_RS08815, spec=gm05066
2024/12/17 08:41:21.662 [AWT-EventQueue-0] INFO   cgdp.corealign.DomCluster clustid=2471, order=0, coreidx1=1061, coreidx2=1061
2024/12/17 08:41:21.662 [AWT-EventQueue-0] INFO   cgdp.corealign.DomCluster domNo=0, name=BGL52_RS08300, spec=gm08549
2024/12/17 08:41:21.662 [AWT-EventQueue-0] INFO   cgdp.corealign.DomCluster clustid=2471, order=0, coreidx1=1061, coreidx2=1061
2024/12/17 08:41:21.662 [AWT-EventQueue-0] INFO   cgdp.corealign.DomCluster domNo=0, name=DYY97_RS07640, spec=gm10478
2024/12/17 08:41:21.662 [AWT-EventQueue-0] INFO   cgdp.corealign.DomCluster clustid=2471, order=0, coreidx1=1061, coreidx2=1061
2024/12/17 08:41:21.662 [AWT-EventQueue-0] INFO   cgdp.corealign.DomCluster domNo=0, name=LCABL_RS08895, spec=lcb
2024/12/17 08:41:21.662 [AWT-EventQueue-0] INFO   cgdp.corealign.DomCluster clustid=2471, order=0, coreidx1=1061, coreidx2=1061
2024/12/17 08:41:21.662 [AWT-EventQueue-0] INFO   cgdp.corealign.DomCluster domNo=0, name=BN194_RS08915, spec=lcw
2024/12/17 08:41:21.662 [AWT-EventQueue-0] INFO   cgdp.corealign.DomCluster clustid=2471, order=0, coreidx1=1061, coreidx2=1061
2024/12/17 08:41:21.662 [AWT-EventQueue-0] INFO   cgdp.corealign.DomCluster domNo=0, name=LCA12A_RS07845, spec=lcx
2024/12/17 08:41:21.662 [AWT-EventQueue-0] INFO   cgdp.corealign.DomCluster clustid=2471, order=0, coreidx1=1061, coreidx2=1061
2024/12/17 08:41:21.662 [AWT-EventQueue-0] INFO   cgdp.corealign.Cluster Cluster id=2469, name=2469
2024/12/17 08:41:21.662 [AWT-EventQueue-0] INFO   cgdp.corealign.DomCluster domNo=0, name=LBCZ_RS08165, spec=gm04274
2024/12/17 08:41:21.663 [AWT-EventQueue-0] INFO   cgdp.corealign.DomCluster clustid=2469, order=0, coreidx1=1159, coreidx2=1159
2024/12/17 08:41:21.663 [AWT-EventQueue-0] INFO   cgdp.corealign.DomCluster domNo=0, name=LCYAK_RS09160, spec=gm05061
2024/12/17 08:41:21.663 [AWT-EventQueue-0] INFO   cgdp.corealign.DomCluster clustid=2469, order=0, coreidx1=1159, coreidx2=1159
2024/12/17 08:41:21.663 [AWT-EventQueue-0] INFO   cgdp.corealign.DomCluster domNo=0, name=LCACT_RS09340, spec=gm05066
2024/12/17 08:41:21.663 [AWT-EventQueue-0] INFO   cgdp.corealign.DomCluster clustid=2469, order=0, coreidx1=1159, coreidx2=1159
2024/12/17 08:41:21.663 [AWT-EventQueue-0] INFO   cgdp.corealign.DomCluster domNo=0, name=BGL52_RS08850, spec=gm08549
2024/12/17 08:41:21.663 [AWT-EventQueue-0] INFO   cgdp.corealign.DomCluster clustid=2469, order=0, coreidx1=1159, coreidx2=1159
2024/12/17 08:41:21.663 [AWT-EventQueue-0] INFO   cgdp.corealign.DomCluster domNo=0, name=DYY97_RS08160, spec=gm10478
2024/12/17 08:41:21.663 [AWT-EventQueue-0] INFO   cgdp.corealign.DomCluster clustid=2469, order=0, coreidx1=1159, coreidx2=1159
2024/12/17 08:41:21.663 [AWT-EventQueue-0] INFO   cgdp.corealign.DomCluster domNo=0, name=LCABL_RS09420, spec=lcb
2024/12/17 08:41:21.663 [AWT-EventQueue-0] INFO   cgdp.corealign.DomCluster clustid=2469, order=0, coreidx1=1159, coreidx2=1159
2024/12/17 08:41:21.663 [AWT-EventQueue-0] INFO   cgdp.corealign.DomCluster domNo=0, name=BN194_RS09455, spec=lcw
2024/12/17 08:41:21.663 [AWT-EventQueue-0] INFO   cgdp.corealign.DomCluster clustid=2469, order=0, coreidx1=1159, coreidx2=1159
2024/12/17 08:41:21.663 [AWT-EventQueue-0] INFO   cgdp.corealign.DomCluster domNo=0, name=LCA12A_RS08360, spec=lcx
2024/12/17 08:41:21.663 [AWT-EventQueue-0] INFO   cgdp.corealign.DomCluster clustid=2469, order=0, coreidx1=1159, coreidx2=1159
2024/12/17 08:41:21.663 [AWT-EventQueue-0] INFO   cgdp.corealign.Cluster Cluster id=790, name=790
2024/12/17 08:41:21.663 [AWT-EventQueue-0] INFO   cgdp.corealign.DomCluster domNo=0, name=LBCZ_RS07895, spec=gm04274
2024/12/17 08:41:21.663 [AWT-EventQueue-0] INFO   cgdp.corealign.DomCluster clustid=790, order=0, coreidx1=1115, coreidx2=1115
2024/12/17 08:41:21.663 [AWT-EventQueue-0] INFO   cgdp.corealign.DomCluster domNo=0, name=LCYAK_RS08915, spec=gm05061
2024/12/17 08:41:21.663 [AWT-EventQueue-0] INFO   cgdp.corealign.DomCluster clustid=790, order=0, coreidx1=1115, coreidx2=1115
2024/12/17 08:41:21.663 [AWT-EventQueue-0] INFO   cgdp.corealign.DomCluster domNo=0, name=LCACT_RS09095, spec=gm05066
2024/12/17 08:41:21.663 [AWT-EventQueue-0] INFO   cgdp.corealign.DomCluster clustid=790, order=0, coreidx1=1115, coreidx2=1115
2024/12/17 08:41:21.663 [AWT-EventQueue-0] INFO   cgdp.corealign.DomCluster domNo=0, name=BGL52_RS08590, spec=gm08549
2024/12/17 08:41:21.663 [AWT-EventQueue-0] INFO   cgdp.corealign.DomCluster clustid=790, order=0, coreidx1=1115, coreidx2=1115
2024/12/17 08:41:21.663 [AWT-EventQueue-0] INFO   cgdp.corealign.DomCluster domNo=0, name=DYY97_RS07930, spec=gm10478
2024/12/17 08:41:21.663 [AWT-EventQueue-0] INFO   cgdp.corealign.DomCluster clustid=790, order=0, coreidx1=1115, coreidx2=1115
2024/12/17 08:41:21.663 [AWT-EventQueue-0] INFO   cgdp.corealign.DomCluster domNo=0, name=LCABL_RS09175, spec=lcb
2024/12/17 08:41:21.663 [AWT-EventQueue-0] INFO   cgdp.corealign.DomCluster clustid=790, order=0, coreidx1=1115, coreidx2=1115
2024/12/17 08:41:21.663 [AWT-EventQueue-0] INFO   cgdp.corealign.DomCluster domNo=0, name=BN194_RS09210, spec=lcw
2024/12/17 08:41:21.663 [AWT-EventQueue-0] INFO   cgdp.corealign.DomCluster clustid=790, order=0, coreidx1=1115, coreidx2=1115
2024/12/17 08:41:21.663 [AWT-EventQueue-0] INFO   cgdp.corealign.DomCluster domNo=0, name=LCA12A_RS08120, spec=lcx
2024/12/17 08:41:21.663 [AWT-EventQueue-0] INFO   cgdp.corealign.DomCluster clustid=790, order=0, coreidx1=1115, coreidx2=1115
2024/12/17 08:41:21.663 [AWT-EventQueue-0] INFO   cgdp.corealign.Cluster Cluster id=1793, name=1793
2024/12/17 08:41:21.663 [AWT-EventQueue-0] INFO   cgdp.corealign.DomCluster domNo=0, name=LBCZ_RS08150, spec=gm04274
2024/12/17 08:41:21.663 [AWT-EventQueue-0] INFO   cgdp.corealign.DomCluster clustid=1793, order=0, coreidx1=1156, coreidx2=1156
2024/12/17 08:41:21.663 [AWT-EventQueue-0] INFO   cgdp.corealign.DomCluster domNo=0, name=LCYAK_RS09145, spec=gm05061
2024/12/17 08:41:21.663 [AWT-EventQueue-0] INFO   cgdp.corealign.DomCluster clustid=1793, order=0, coreidx1=1156, coreidx2=1156
2024/12/17 08:41:21.663 [AWT-EventQueue-0] INFO   cgdp.corealign.DomCluster domNo=0, name=LCACT_RS09325, spec=gm05066
2024/12/17 08:41:21.663 [AWT-EventQueue-0] INFO   cgdp.corealign.DomCluster clustid=1793, order=0, coreidx1=1156, coreidx2=1156
2024/12/17 08:41:21.663 [AWT-EventQueue-0] INFO   cgdp.corealign.DomCluster domNo=0, name=BGL52_RS08835, spec=gm08549
2024/12/17 08:41:21.663 [AWT-EventQueue-0] INFO   cgdp.corealign.DomCluster clustid=1793, order=0, coreidx1=1156, coreidx2=1156
2024/12/17 08:41:21.663 [AWT-EventQueue-0] INFO   cgdp.corealign.DomCluster domNo=0, name=DYY97_RS08145, spec=gm10478
2024/12/17 08:41:21.663 [AWT-EventQueue-0] INFO   cgdp.corealign.DomCluster clustid=1793, order=0, coreidx1=1156, coreidx2=1156
2024/12/17 08:41:21.663 [AWT-EventQueue-0] INFO   cgdp.corealign.DomCluster domNo=0, name=LCABL_RS09405, spec=lcb
2024/12/17 08:41:21.663 [AWT-EventQueue-0] INFO   cgdp.corealign.DomCluster clustid=1793, order=0, coreidx1=1156, coreidx2=1156
2024/12/17 08:41:21.663 [AWT-EventQueue-0] INFO   cgdp.corealign.DomCluster domNo=0, name=BN194_RS09440, spec=lcw
2024/12/17 08:41:21.663 [AWT-EventQueue-0] INFO   cgdp.corealign.DomCluster clustid=1793, order=0, coreidx1=1156, coreidx2=1156
2024/12/17 08:41:21.663 [AWT-EventQueue-0] INFO   cgdp.corealign.DomCluster domNo=0, name=LCA12A_RS08345, spec=lcx
2024/12/17 08:41:21.663 [AWT-EventQueue-0] INFO   cgdp.corealign.DomCluster clustid=1793, order=0, coreidx1=1156, coreidx2=1156
2024/12/17 08:41:21.663 [AWT-EventQueue-0] INFO   cgdp.corealign.Cluster Cluster id=2112, name=2112
2024/12/17 08:41:21.663 [AWT-EventQueue-0] INFO   cgdp.corealign.DomCluster domNo=0, name=LBCZ_RS08160, spec=gm04274
2024/12/17 08:41:21.663 [AWT-EventQueue-0] INFO   cgdp.corealign.DomCluster clustid=2112, order=0, coreidx1=1158, coreidx2=1158
2024/12/17 08:41:21.663 [AWT-EventQueue-0] INFO   cgdp.corealign.DomCluster domNo=0, name=LCYAK_RS09155, spec=gm05061
2024/12/17 08:41:21.663 [AWT-EventQueue-0] INFO   cgdp.corealign.DomCluster clustid=2112, order=0, coreidx1=1158, coreidx2=1158
2024/12/17 08:41:21.663 [AWT-EventQueue-0] INFO   cgdp.corealign.DomCluster domNo=0, name=LCACT_RS09335, spec=gm05066
2024/12/17 08:41:21.663 [AWT-EventQueue-0] INFO   cgdp.corealign.DomCluster clustid=2112, order=0, coreidx1=1158, coreidx2=1158
2024/12/17 08:41:21.663 [AWT-EventQueue-0] INFO   cgdp.corealign.DomCluster domNo=0, name=BGL52_RS08845, spec=gm08549
2024/12/17 08:41:21.663 [AWT-EventQueue-0] INFO   cgdp.corealign.DomCluster clustid=2112, order=0, coreidx1=1158, coreidx2=1158
2024/12/17 08:41:21.663 [AWT-EventQueue-0] INFO   cgdp.corealign.DomCluster domNo=0, name=DYY97_RS08155, spec=gm10478
2024/12/17 08:41:21.663 [AWT-EventQueue-0] INFO   cgdp.corealign.DomCluster clustid=2112, order=0, coreidx1=1158, coreidx2=1158
2024/12/17 08:41:21.663 [AWT-EventQueue-0] INFO   cgdp.corealign.DomCluster domNo=0, name=LCABL_RS09415, spec=lcb
2024/12/17 08:41:21.663 [AWT-EventQueue-0] INFO   cgdp.corealign.DomCluster clustid=2112, order=0, coreidx1=1158, coreidx2=1158
2024/12/17 08:41:21.663 [AWT-EventQueue-0] INFO   cgdp.corealign.DomCluster domNo=0, name=BN194_RS09450, spec=lcw
2024/12/17 08:41:21.663 [AWT-EventQueue-0] INFO   cgdp.corealign.DomCluster clustid=2112, order=0, coreidx1=1158, coreidx2=1158
2024/12/17 08:41:21.663 [AWT-EventQueue-0] INFO   cgdp.corealign.DomCluster domNo=0, name=LCA12A_RS08355, spec=lcx
2024/12/17 08:41:21.663 [AWT-EventQueue-0] INFO   cgdp.corealign.DomCluster clustid=2112, order=0, coreidx1=1158, coreidx2=1158
2024/12/17 08:41:21.663 [AWT-EventQueue-0] INFO   cgdp.corealign.Cluster Cluster id=2412, name=2412
2024/12/17 08:41:21.663 [AWT-EventQueue-0] INFO   cgdp.corealign.DomCluster domNo=0, name=LBCZ_RS08310, spec=gm04274
2024/12/17 08:41:21.663 [AWT-EventQueue-0] INFO   cgdp.corealign.DomCluster clustid=2412, order=0, coreidx1=1178, coreidx2=1178
2024/12/17 08:41:21.663 [AWT-EventQueue-0] INFO   cgdp.corealign.DomCluster domNo=0, name=LCYAK_RS09255, spec=gm05061
2024/12/17 08:41:21.663 [AWT-EventQueue-0] INFO   cgdp.corealign.DomCluster clustid=2412, order=0, coreidx1=1178, coreidx2=1178
2024/12/17 08:41:21.663 [AWT-EventQueue-0] INFO   cgdp.corealign.DomCluster domNo=0, name=LCACT_RS09435, spec=gm05066
2024/12/17 08:41:21.663 [AWT-EventQueue-0] INFO   cgdp.corealign.DomCluster clustid=2412, order=0, coreidx1=1178, coreidx2=1178
2024/12/17 08:41:21.663 [AWT-EventQueue-0] INFO   cgdp.corealign.DomCluster domNo=0, name=BGL52_RS08975, spec=gm08549
2024/12/17 08:41:21.663 [AWT-EventQueue-0] INFO   cgdp.corealign.DomCluster clustid=2412, order=0, coreidx1=1178, coreidx2=1178
2024/12/17 08:41:21.663 [AWT-EventQueue-0] INFO   cgdp.corealign.DomCluster domNo=0, name=DYY97_RS08285, spec=gm10478
2024/12/17 08:41:21.663 [AWT-EventQueue-0] INFO   cgdp.corealign.DomCluster clustid=2412, order=0, coreidx1=1178, coreidx2=1178
2024/12/17 08:41:21.663 [AWT-EventQueue-0] INFO   cgdp.corealign.DomCluster domNo=0, name=LCABL_RS09515, spec=lcb
2024/12/17 08:41:21.663 [AWT-EventQueue-0] INFO   cgdp.corealign.DomCluster clustid=2412, order=0, coreidx1=1178, coreidx2=1178
2024/12/17 08:41:21.663 [AWT-EventQueue-0] INFO   cgdp.corealign.DomCluster domNo=0, name=BN194_RS09550, spec=lcw
2024/12/17 08:41:21.663 [AWT-EventQueue-0] INFO   cgdp.corealign.DomCluster clustid=2412, order=0, coreidx1=1178, coreidx2=1178
2024/12/17 08:41:21.664 [AWT-EventQueue-0] INFO   cgdp.corealign.DomCluster domNo=0, name=LCA12A_RS08455, spec=lcx
2024/12/17 08:41:21.664 [AWT-EventQueue-0] INFO   cgdp.corealign.DomCluster clustid=2412, order=0, coreidx1=1178, coreidx2=1178
2024/12/17 08:41:21.664 [AWT-EventQueue-0] INFO   cgdp.corealign.Cluster Cluster id=605, name=605
2024/12/17 08:41:21.664 [AWT-EventQueue-0] INFO   cgdp.corealign.DomCluster domNo=0, name=LBCZ_RS08045, spec=gm04274
2024/12/17 08:41:21.664 [AWT-EventQueue-0] INFO   cgdp.corealign.DomCluster clustid=605, order=0, coreidx1=1142, coreidx2=1142
2024/12/17 08:41:21.664 [AWT-EventQueue-0] INFO   cgdp.corealign.DomCluster domNo=0, name=LCYAK_RS09070, spec=gm05061
2024/12/17 08:41:21.664 [AWT-EventQueue-0] INFO   cgdp.corealign.DomCluster clustid=605, order=0, coreidx1=1142, coreidx2=1142
2024/12/17 08:41:21.664 [AWT-EventQueue-0] INFO   cgdp.corealign.DomCluster domNo=0, name=LCACT_RS09250, spec=gm05066
2024/12/17 08:41:21.664 [AWT-EventQueue-0] INFO   cgdp.corealign.DomCluster clustid=605, order=0, coreidx1=1142, coreidx2=1142
2024/12/17 08:41:21.664 [AWT-EventQueue-0] INFO   cgdp.corealign.DomCluster domNo=0, name=BGL52_RS08730, spec=gm08549
2024/12/17 08:41:21.664 [AWT-EventQueue-0] INFO   cgdp.corealign.DomCluster clustid=605, order=0, coreidx1=1142, coreidx2=1142
2024/12/17 08:41:21.664 [AWT-EventQueue-0] INFO   cgdp.corealign.DomCluster domNo=0, name=DYY97_RS08070, spec=gm10478
2024/12/17 08:41:21.664 [AWT-EventQueue-0] INFO   cgdp.corealign.DomCluster clustid=605, order=0, coreidx1=1142, coreidx2=1142
2024/12/17 08:41:21.664 [AWT-EventQueue-0] INFO   cgdp.corealign.DomCluster domNo=0, name=LCABL_RS09330, spec=lcb
2024/12/17 08:41:21.664 [AWT-EventQueue-0] INFO   cgdp.corealign.DomCluster clustid=605, order=0, coreidx1=1142, coreidx2=1142
2024/12/17 08:41:21.664 [AWT-EventQueue-0] INFO   cgdp.corealign.DomCluster domNo=0, name=BN194_RS09365, spec=lcw
2024/12/17 08:41:21.664 [AWT-EventQueue-0] INFO   cgdp.corealign.DomCluster clustid=605, order=0, coreidx1=1142, coreidx2=1142
2024/12/17 08:41:21.664 [AWT-EventQueue-0] INFO   cgdp.corealign.DomCluster domNo=0, name=LCA12A_RS08270, spec=lcx
2024/12/17 08:41:21.664 [AWT-EventQueue-0] INFO   cgdp.corealign.DomCluster clustid=605, order=0, coreidx1=1142, coreidx2=1142
2024/12/17 08:41:21.664 [AWT-EventQueue-0] INFO   cgdp.corealign.Cluster Cluster id=2391, name=2391
2024/12/17 08:41:21.664 [AWT-EventQueue-0] INFO   cgdp.corealign.DomCluster domNo=0, name=LBCZ_RS08420, spec=gm04274
2024/12/17 08:41:21.664 [AWT-EventQueue-0] INFO   cgdp.corealign.DomCluster clustid=2391, order=0, coreidx1=1198, coreidx2=1198
2024/12/17 08:41:21.664 [AWT-EventQueue-0] INFO   cgdp.corealign.DomCluster domNo=0, name=LCYAK_RS09360, spec=gm05061
2024/12/17 08:41:21.664 [AWT-EventQueue-0] INFO   cgdp.corealign.DomCluster clustid=2391, order=0, coreidx1=1198, coreidx2=1198
2024/12/17 08:41:21.664 [AWT-EventQueue-0] INFO   cgdp.corealign.DomCluster domNo=0, name=LCACT_RS09540, spec=gm05066
2024/12/17 08:41:21.664 [AWT-EventQueue-0] INFO   cgdp.corealign.DomCluster clustid=2391, order=0, coreidx1=1198, coreidx2=1198
2024/12/17 08:41:21.664 [AWT-EventQueue-0] INFO   cgdp.corealign.DomCluster domNo=0, name=BGL52_RS09100, spec=gm08549
2024/12/17 08:41:21.664 [AWT-EventQueue-0] INFO   cgdp.corealign.DomCluster clustid=2391, order=0, coreidx1=1198, coreidx2=1198
2024/12/17 08:41:21.664 [AWT-EventQueue-0] INFO   cgdp.corealign.DomCluster domNo=0, name=DYY97_RS08395, spec=gm10478
2024/12/17 08:41:21.664 [AWT-EventQueue-0] INFO   cgdp.corealign.DomCluster clustid=2391, order=0, coreidx1=1198, coreidx2=1198
2024/12/17 08:41:21.664 [AWT-EventQueue-0] INFO   cgdp.corealign.DomCluster domNo=0, name=LCABL_RS09620, spec=lcb
2024/12/17 08:41:21.664 [AWT-EventQueue-0] INFO   cgdp.corealign.DomCluster clustid=2391, order=0, coreidx1=1198, coreidx2=1198
2024/12/17 08:41:21.664 [AWT-EventQueue-0] INFO   cgdp.corealign.DomCluster domNo=0, name=BN194_RS09660, spec=lcw
2024/12/17 08:41:21.664 [AWT-EventQueue-0] INFO   cgdp.corealign.DomCluster clustid=2391, order=0, coreidx1=1198, coreidx2=1198
2024/12/17 08:41:21.664 [AWT-EventQueue-0] INFO   cgdp.corealign.DomCluster domNo=0, name=LCA12A_RS08560, spec=lcx
2024/12/17 08:41:21.664 [AWT-EventQueue-0] INFO   cgdp.corealign.DomCluster clustid=2391, order=0, coreidx1=1198, coreidx2=1198
2024/12/17 08:41:21.664 [AWT-EventQueue-0] INFO   cgdp.corealign.Cluster Cluster id=695, name=695
2024/12/17 08:41:21.664 [AWT-EventQueue-0] INFO   cgdp.corealign.DomCluster domNo=0, name=LBCZ_RS08290, spec=gm04274
2024/12/17 08:41:21.664 [AWT-EventQueue-0] INFO   cgdp.corealign.DomCluster clustid=695, order=0, coreidx1=1175, coreidx2=1175
2024/12/17 08:41:21.664 [AWT-EventQueue-0] INFO   cgdp.corealign.DomCluster domNo=0, name=LCYAK_RS09240, spec=gm05061
2024/12/17 08:41:21.664 [AWT-EventQueue-0] INFO   cgdp.corealign.DomCluster clustid=695, order=0, coreidx1=1175, coreidx2=1175
2024/12/17 08:41:21.664 [AWT-EventQueue-0] INFO   cgdp.corealign.DomCluster domNo=0, name=LCACT_RS09420, spec=gm05066
2024/12/17 08:41:21.664 [AWT-EventQueue-0] INFO   cgdp.corealign.DomCluster clustid=695, order=0, coreidx1=1175, coreidx2=1175
2024/12/17 08:41:21.664 [AWT-EventQueue-0] INFO   cgdp.corealign.DomCluster domNo=0, name=BGL52_RS08960, spec=gm08549
2024/12/17 08:41:21.664 [AWT-EventQueue-0] INFO   cgdp.corealign.DomCluster clustid=695, order=0, coreidx1=1175, coreidx2=1175
2024/12/17 08:41:21.664 [AWT-EventQueue-0] INFO   cgdp.corealign.DomCluster domNo=0, name=DYY97_RS08270, spec=gm10478
2024/12/17 08:41:21.664 [AWT-EventQueue-0] INFO   cgdp.corealign.DomCluster clustid=695, order=0, coreidx1=1175, coreidx2=1175
2024/12/17 08:41:21.664 [AWT-EventQueue-0] INFO   cgdp.corealign.DomCluster domNo=0, name=LCABL_RS09500, spec=lcb
2024/12/17 08:41:21.664 [AWT-EventQueue-0] INFO   cgdp.corealign.DomCluster clustid=695, order=0, coreidx1=1175, coreidx2=1175
2024/12/17 08:41:21.664 [AWT-EventQueue-0] INFO   cgdp.corealign.DomCluster domNo=0, name=BN194_RS09535, spec=lcw
2024/12/17 08:41:21.664 [AWT-EventQueue-0] INFO   cgdp.corealign.DomCluster clustid=695, order=0, coreidx1=1175, coreidx2=1175
2024/12/17 08:41:21.664 [AWT-EventQueue-0] INFO   cgdp.corealign.DomCluster domNo=0, name=LCA12A_RS08440, spec=lcx
2024/12/17 08:41:21.664 [AWT-EventQueue-0] INFO   cgdp.corealign.DomCluster clustid=695, order=0, coreidx1=1175, coreidx2=1175
2024/12/17 08:41:21.665 [AWT-EventQueue-0] INFO   cgdp.corealign.Cluster Cluster id=419, name=419
2024/12/17 08:41:21.665 [AWT-EventQueue-0] INFO   cgdp.corealign.DomCluster domNo=0, name=LBCZ_RS08060, spec=gm04274
2024/12/17 08:41:21.665 [AWT-EventQueue-0] INFO   cgdp.corealign.DomCluster clustid=419, order=0, coreidx1=1145, coreidx2=1145
2024/12/17 08:41:21.665 [AWT-EventQueue-0] INFO   cgdp.corealign.DomCluster domNo=0, name=LCYAK_RS09085, spec=gm05061
2024/12/17 08:41:21.665 [AWT-EventQueue-0] INFO   cgdp.corealign.DomCluster clustid=419, order=0, coreidx1=1145, coreidx2=1145
2024/12/17 08:41:21.665 [AWT-EventQueue-0] INFO   cgdp.corealign.DomCluster domNo=0, name=LCACT_RS09265, spec=gm05066
2024/12/17 08:41:21.665 [AWT-EventQueue-0] INFO   cgdp.corealign.DomCluster clustid=419, order=0, coreidx1=1145, coreidx2=1145
2024/12/17 08:41:21.665 [AWT-EventQueue-0] INFO   cgdp.corealign.DomCluster domNo=0, name=BGL52_RS08745, spec=gm08549
2024/12/17 08:41:21.665 [AWT-EventQueue-0] INFO   cgdp.corealign.DomCluster clustid=419, order=0, coreidx1=1145, coreidx2=1145
2024/12/17 08:41:21.665 [AWT-EventQueue-0] INFO   cgdp.corealign.DomCluster domNo=0, name=DYY97_RS08085, spec=gm10478
2024/12/17 08:41:21.665 [AWT-EventQueue-0] INFO   cgdp.corealign.DomCluster clustid=419, order=0, coreidx1=1145, coreidx2=1145
2024/12/17 08:41:21.665 [AWT-EventQueue-0] INFO   cgdp.corealign.DomCluster domNo=0, name=LCABL_RS09345, spec=lcb
2024/12/17 08:41:21.665 [AWT-EventQueue-0] INFO   cgdp.corealign.DomCluster clustid=419, order=0, coreidx1=1145, coreidx2=1145
2024/12/17 08:41:21.665 [AWT-EventQueue-0] INFO   cgdp.corealign.DomCluster domNo=0, name=BN194_RS09380, spec=lcw
2024/12/17 08:41:21.665 [AWT-EventQueue-0] INFO   cgdp.corealign.DomCluster clustid=419, order=0, coreidx1=1145, coreidx2=1145
2024/12/17 08:41:21.665 [AWT-EventQueue-0] INFO   cgdp.corealign.DomCluster domNo=0, name=LCA12A_RS08285, spec=lcx
2024/12/17 08:41:21.665 [AWT-EventQueue-0] INFO   cgdp.corealign.DomCluster clustid=419, order=0, coreidx1=1145, coreidx2=1145
2024/12/17 08:41:21.665 [AWT-EventQueue-0] INFO   cgdp.corealign.Cluster Cluster id=1391, name=1391
2024/12/17 08:41:21.665 [AWT-EventQueue-0] INFO   cgdp.corealign.DomCluster domNo=0, name=LBCZ_RS08240, spec=gm04274
2024/12/17 08:41:21.665 [AWT-EventQueue-0] INFO   cgdp.corealign.DomCluster clustid=1391, order=0, coreidx1=1165, coreidx2=1165
2024/12/17 08:41:21.665 [AWT-EventQueue-0] INFO   cgdp.corealign.DomCluster domNo=0, name=LCYAK_RS09190, spec=gm05061
2024/12/17 08:41:21.665 [AWT-EventQueue-0] INFO   cgdp.corealign.DomCluster clustid=1391, order=0, coreidx1=1165, coreidx2=1165
2024/12/17 08:41:21.665 [AWT-EventQueue-0] INFO   cgdp.corealign.DomCluster domNo=0, name=LCACT_RS09370, spec=gm05066
2024/12/17 08:41:21.665 [AWT-EventQueue-0] INFO   cgdp.corealign.DomCluster clustid=1391, order=0, coreidx1=1165, coreidx2=1165
2024/12/17 08:41:21.665 [AWT-EventQueue-0] INFO   cgdp.corealign.DomCluster domNo=0, name=BGL52_RS08905, spec=gm08549
2024/12/17 08:41:21.665 [AWT-EventQueue-0] INFO   cgdp.corealign.DomCluster clustid=1391, order=0, coreidx1=1165, coreidx2=1165
2024/12/17 08:41:21.665 [AWT-EventQueue-0] INFO   cgdp.corealign.DomCluster domNo=0, name=DYY97_RS08215, spec=gm10478
2024/12/17 08:41:21.665 [AWT-EventQueue-0] INFO   cgdp.corealign.DomCluster clustid=1391, order=0, coreidx1=1165, coreidx2=1165
2024/12/17 08:41:21.665 [AWT-EventQueue-0] INFO   cgdp.corealign.DomCluster domNo=0, name=LCABL_RS09450, spec=lcb
2024/12/17 08:41:21.665 [AWT-EventQueue-0] INFO   cgdp.corealign.DomCluster clustid=1391, order=0, coreidx1=1165, coreidx2=1165
2024/12/17 08:41:21.665 [AWT-EventQueue-0] INFO   cgdp.corealign.DomCluster domNo=0, name=BN194_RS09485, spec=lcw
2024/12/17 08:41:21.665 [AWT-EventQueue-0] INFO   cgdp.corealign.DomCluster clustid=1391, order=0, coreidx1=1165, coreidx2=1165
2024/12/17 08:41:21.665 [AWT-EventQueue-0] INFO   cgdp.corealign.DomCluster domNo=0, name=LCA12A_RS08390, spec=lcx
2024/12/17 08:41:21.665 [AWT-EventQueue-0] INFO   cgdp.corealign.DomCluster clustid=1391, order=0, coreidx1=1165, coreidx2=1165
2024/12/17 08:41:21.665 [AWT-EventQueue-0] INFO   cgdp.corealign.Cluster Cluster id=166, name=166
2024/12/17 08:41:21.665 [AWT-EventQueue-0] INFO   cgdp.corealign.DomCluster domNo=0, name=LBCZ_RS07545, spec=gm04274
2024/12/17 08:41:21.665 [AWT-EventQueue-0] INFO   cgdp.corealign.DomCluster clustid=166, order=0, coreidx1=1047, coreidx2=1047
2024/12/17 08:41:21.665 [AWT-EventQueue-0] INFO   cgdp.corealign.DomCluster domNo=0, name=LCYAK_RS08565, spec=gm05061
2024/12/17 08:41:21.665 [AWT-EventQueue-0] INFO   cgdp.corealign.DomCluster clustid=166, order=0, coreidx1=1047, coreidx2=1047
2024/12/17 08:41:21.665 [AWT-EventQueue-0] INFO   cgdp.corealign.DomCluster domNo=0, name=LCACT_RS08745, spec=gm05066
2024/12/17 08:41:21.665 [AWT-EventQueue-0] INFO   cgdp.corealign.DomCluster clustid=166, order=0, coreidx1=1047, coreidx2=1047
2024/12/17 08:41:21.665 [AWT-EventQueue-0] INFO   cgdp.corealign.DomCluster domNo=0, name=BGL52_RS08220, spec=gm08549
2024/12/17 08:41:21.665 [AWT-EventQueue-0] INFO   cgdp.corealign.DomCluster clustid=166, order=0, coreidx1=1047, coreidx2=1047
2024/12/17 08:41:21.665 [AWT-EventQueue-0] INFO   cgdp.corealign.DomCluster domNo=0, name=DYY97_RS07565, spec=gm10478
2024/12/17 08:41:21.665 [AWT-EventQueue-0] INFO   cgdp.corealign.DomCluster clustid=166, order=0, coreidx1=1047, coreidx2=1047
2024/12/17 08:41:21.665 [AWT-EventQueue-0] INFO   cgdp.corealign.DomCluster domNo=0, name=LCABL_RS08825, spec=lcb
2024/12/17 08:41:21.665 [AWT-EventQueue-0] INFO   cgdp.corealign.DomCluster clustid=166, order=0, coreidx1=1047, coreidx2=1047
2024/12/17 08:41:21.665 [AWT-EventQueue-0] INFO   cgdp.corealign.DomCluster domNo=0, name=BN194_RS08845, spec=lcw
2024/12/17 08:41:21.665 [AWT-EventQueue-0] INFO   cgdp.corealign.DomCluster clustid=166, order=0, coreidx1=1047, coreidx2=1047
2024/12/17 08:41:21.665 [AWT-EventQueue-0] INFO   cgdp.corealign.DomCluster domNo=0, name=LCA12A_RS07775, spec=lcx
2024/12/17 08:41:21.665 [AWT-EventQueue-0] INFO   cgdp.corealign.DomCluster clustid=166, order=0, coreidx1=1047, coreidx2=1047
2024/12/17 08:41:21.665 [AWT-EventQueue-0] INFO   cgdp.corealign.Cluster Cluster id=1606, name=1606
2024/12/17 08:41:21.665 [AWT-EventQueue-0] INFO   cgdp.corealign.DomCluster domNo=0, name=LBCZ_RS07570, spec=gm04274
2024/12/17 08:41:21.665 [AWT-EventQueue-0] INFO   cgdp.corealign.DomCluster clustid=1606, order=0, coreidx1=1052, coreidx2=1052
2024/12/17 08:41:21.665 [AWT-EventQueue-0] INFO   cgdp.corealign.DomCluster domNo=0, name=LCYAK_RS08590, spec=gm05061
2024/12/17 08:41:21.665 [AWT-EventQueue-0] INFO   cgdp.corealign.DomCluster clustid=1606, order=0, coreidx1=1052, coreidx2=1052
2024/12/17 08:41:21.665 [AWT-EventQueue-0] INFO   cgdp.corealign.DomCluster domNo=0, name=LCACT_RS08770, spec=gm05066
2024/12/17 08:41:21.665 [AWT-EventQueue-0] INFO   cgdp.corealign.DomCluster clustid=1606, order=0, coreidx1=1052, coreidx2=1052
2024/12/17 08:41:21.665 [AWT-EventQueue-0] INFO   cgdp.corealign.DomCluster domNo=0, name=BGL52_RS08250, spec=gm08549
2024/12/17 08:41:21.665 [AWT-EventQueue-0] INFO   cgdp.corealign.DomCluster clustid=1606, order=0, coreidx1=1052, coreidx2=1052
2024/12/17 08:41:21.665 [AWT-EventQueue-0] INFO   cgdp.corealign.DomCluster domNo=0, name=DYY97_RS07590, spec=gm10478
2024/12/17 08:41:21.665 [AWT-EventQueue-0] INFO   cgdp.corealign.DomCluster clustid=1606, order=0, coreidx1=1052, coreidx2=1052
2024/12/17 08:41:21.665 [AWT-EventQueue-0] INFO   cgdp.corealign.DomCluster domNo=0, name=LCABL_RS08850, spec=lcb
2024/12/17 08:41:21.665 [AWT-EventQueue-0] INFO   cgdp.corealign.DomCluster clustid=1606, order=0, coreidx1=1052, coreidx2=1052
2024/12/17 08:41:21.665 [AWT-EventQueue-0] INFO   cgdp.corealign.DomCluster domNo=0, name=BN194_RS08870, spec=lcw
2024/12/17 08:41:21.665 [AWT-EventQueue-0] INFO   cgdp.corealign.DomCluster clustid=1606, order=0, coreidx1=1052, coreidx2=1052
2024/12/17 08:41:21.665 [AWT-EventQueue-0] INFO   cgdp.corealign.DomCluster domNo=0, name=LCA12A_RS07800, spec=lcx
2024/12/17 08:41:21.665 [AWT-EventQueue-0] INFO   cgdp.corealign.DomCluster clustid=1606, order=0, coreidx1=1052, coreidx2=1052
2024/12/17 08:41:21.665 [AWT-EventQueue-0] INFO   cgdp.corealign.Cluster Cluster id=1560, name=1560
2024/12/17 08:41:21.665 [AWT-EventQueue-0] INFO   cgdp.corealign.DomCluster domNo=0, name=LBCZ_RS07610, spec=gm04274
2024/12/17 08:41:21.665 [AWT-EventQueue-0] INFO   cgdp.corealign.DomCluster clustid=1560, order=0, coreidx1=1059, coreidx2=1059
2024/12/17 08:41:21.665 [AWT-EventQueue-0] INFO   cgdp.corealign.DomCluster domNo=0, name=LCYAK_RS08625, spec=gm05061
2024/12/17 08:41:21.665 [AWT-EventQueue-0] INFO   cgdp.corealign.DomCluster clustid=1560, order=0, coreidx1=1059, coreidx2=1059
2024/12/17 08:41:21.665 [AWT-EventQueue-0] INFO   cgdp.corealign.DomCluster domNo=0, name=LCACT_RS08805, spec=gm05066
2024/12/17 08:41:21.665 [AWT-EventQueue-0] INFO   cgdp.corealign.DomCluster clustid=1560, order=0, coreidx1=1059, coreidx2=1059
2024/12/17 08:41:21.665 [AWT-EventQueue-0] INFO   cgdp.corealign.DomCluster domNo=0, name=BGL52_RS08290, spec=gm08549
2024/12/17 08:41:21.665 [AWT-EventQueue-0] INFO   cgdp.corealign.DomCluster clustid=1560, order=0, coreidx1=1059, coreidx2=1059
2024/12/17 08:41:21.665 [AWT-EventQueue-0] INFO   cgdp.corealign.DomCluster domNo=0, name=DYY97_RS07625, spec=gm10478
2024/12/17 08:41:21.665 [AWT-EventQueue-0] INFO   cgdp.corealign.DomCluster clustid=1560, order=0, coreidx1=1059, coreidx2=1059
2024/12/17 08:41:21.665 [AWT-EventQueue-0] INFO   cgdp.corealign.DomCluster domNo=0, name=LCABL_RS08885, spec=lcb
2024/12/17 08:41:21.665 [AWT-EventQueue-0] INFO   cgdp.corealign.DomCluster clustid=1560, order=0, coreidx1=1059, coreidx2=1059
2024/12/17 08:41:21.665 [AWT-EventQueue-0] INFO   cgdp.corealign.DomCluster domNo=0, name=BN194_RS08905, spec=lcw
2024/12/17 08:41:21.665 [AWT-EventQueue-0] INFO   cgdp.corealign.DomCluster clustid=1560, order=0, coreidx1=1059, coreidx2=1059
2024/12/17 08:41:21.665 [AWT-EventQueue-0] INFO   cgdp.corealign.DomCluster domNo=0, name=LCA12A_RS07835, spec=lcx
2024/12/17 08:41:21.665 [AWT-EventQueue-0] INFO   cgdp.corealign.DomCluster clustid=1560, order=0, coreidx1=1059, coreidx2=1059
2024/12/17 08:41:21.665 [AWT-EventQueue-0] INFO   cgdp.corealign.Cluster Cluster id=1838, name=1838
2024/12/17 08:41:21.665 [AWT-EventQueue-0] INFO   cgdp.corealign.DomCluster domNo=0, name=LBCZ_RS07500, spec=gm04274
2024/12/17 08:41:21.665 [AWT-EventQueue-0] INFO   cgdp.corealign.DomCluster clustid=1838, order=0, coreidx1=1038, coreidx2=1038
2024/12/17 08:41:21.665 [AWT-EventQueue-0] INFO   cgdp.corealign.DomCluster domNo=0, name=LCYAK_RS08520, spec=gm05061
2024/12/17 08:41:21.666 [AWT-EventQueue-0] INFO   cgdp.corealign.DomCluster clustid=1838, order=0, coreidx1=1038, coreidx2=1038
2024/12/17 08:41:21.666 [AWT-EventQueue-0] INFO   cgdp.corealign.DomCluster domNo=0, name=LCACT_RS08700, spec=gm05066
2024/12/17 08:41:21.666 [AWT-EventQueue-0] INFO   cgdp.corealign.DomCluster clustid=1838, order=0, coreidx1=1038, coreidx2=1038
2024/12/17 08:41:21.666 [AWT-EventQueue-0] INFO   cgdp.corealign.DomCluster domNo=0, name=BGL52_RS08175, spec=gm08549
2024/12/17 08:41:21.666 [AWT-EventQueue-0] INFO   cgdp.corealign.DomCluster clustid=1838, order=0, coreidx1=1038, coreidx2=1038
2024/12/17 08:41:21.666 [AWT-EventQueue-0] INFO   cgdp.corealign.DomCluster domNo=0, name=DYY97_RS07520, spec=gm10478
2024/12/17 08:41:21.666 [AWT-EventQueue-0] INFO   cgdp.corealign.DomCluster clustid=1838, order=0, coreidx1=1038, coreidx2=1038
2024/12/17 08:41:21.666 [AWT-EventQueue-0] INFO   cgdp.corealign.DomCluster domNo=0, name=LCABL_RS08780, spec=lcb
2024/12/17 08:41:21.666 [AWT-EventQueue-0] INFO   cgdp.corealign.DomCluster clustid=1838, order=0, coreidx1=1038, coreidx2=1038
2024/12/17 08:41:21.666 [AWT-EventQueue-0] INFO   cgdp.corealign.DomCluster domNo=0, name=BN194_RS08800, spec=lcw
2024/12/17 08:41:21.666 [AWT-EventQueue-0] INFO   cgdp.corealign.DomCluster clustid=1838, order=0, coreidx1=1038, coreidx2=1038
2024/12/17 08:41:21.666 [AWT-EventQueue-0] INFO   cgdp.corealign.DomCluster domNo=0, name=LCA12A_RS07450, spec=lcx
2024/12/17 08:41:21.666 [AWT-EventQueue-0] INFO   cgdp.corealign.DomCluster clustid=1838, order=0, coreidx1=1038, coreidx2=1038
2024/12/17 08:41:21.666 [AWT-EventQueue-0] INFO   cgdp.corealign.Cluster Cluster id=1400, name=1400
2024/12/17 08:41:21.666 [AWT-EventQueue-0] INFO   cgdp.corealign.DomCluster domNo=0, name=LBCZ_RS07680, spec=gm04274
2024/12/17 08:41:21.666 [AWT-EventQueue-0] INFO   cgdp.corealign.DomCluster clustid=1400, order=0, coreidx1=1073, coreidx2=1073
2024/12/17 08:41:21.666 [AWT-EventQueue-0] INFO   cgdp.corealign.DomCluster domNo=0, name=LCYAK_RS08695, spec=gm05061
2024/12/17 08:41:21.666 [AWT-EventQueue-0] INFO   cgdp.corealign.DomCluster clustid=1400, order=0, coreidx1=1073, coreidx2=1073
2024/12/17 08:41:21.666 [AWT-EventQueue-0] INFO   cgdp.corealign.DomCluster domNo=0, name=LCACT_RS08875, spec=gm05066
2024/12/17 08:41:21.666 [AWT-EventQueue-0] INFO   cgdp.corealign.DomCluster clustid=1400, order=0, coreidx1=1073, coreidx2=1073
2024/12/17 08:41:21.666 [AWT-EventQueue-0] INFO   cgdp.corealign.DomCluster domNo=0, name=BGL52_RS08365, spec=gm08549
2024/12/17 08:41:21.666 [AWT-EventQueue-0] INFO   cgdp.corealign.DomCluster clustid=1400, order=0, coreidx1=1073, coreidx2=1073
2024/12/17 08:41:21.666 [AWT-EventQueue-0] INFO   cgdp.corealign.DomCluster domNo=0, name=DYY97_RS07705, spec=gm10478
2024/12/17 08:41:21.666 [AWT-EventQueue-0] INFO   cgdp.corealign.DomCluster clustid=1400, order=0, coreidx1=1073, coreidx2=1073
2024/12/17 08:41:21.666 [AWT-EventQueue-0] INFO   cgdp.corealign.DomCluster domNo=0, name=LCABL_RS08955, spec=lcb
2024/12/17 08:41:21.666 [AWT-EventQueue-0] INFO   cgdp.corealign.DomCluster clustid=1400, order=0, coreidx1=1073, coreidx2=1073
2024/12/17 08:41:21.666 [AWT-EventQueue-0] INFO   cgdp.corealign.DomCluster domNo=0, name=BN194_RS08975, spec=lcw
2024/12/17 08:41:21.666 [AWT-EventQueue-0] INFO   cgdp.corealign.DomCluster clustid=1400, order=0, coreidx1=1073, coreidx2=1073
2024/12/17 08:41:21.666 [AWT-EventQueue-0] INFO   cgdp.corealign.DomCluster domNo=0, name=LCA12A_RS07905, spec=lcx
2024/12/17 08:41:21.666 [AWT-EventQueue-0] INFO   cgdp.corealign.DomCluster clustid=1400, order=0, coreidx1=1073, coreidx2=1073
2024/12/17 08:41:21.666 [AWT-EventQueue-0] INFO   cgdp.corealign.Cluster Cluster id=606, name=606
2024/12/17 08:41:21.666 [AWT-EventQueue-0] INFO   cgdp.corealign.DomCluster domNo=0, name=LBCZ_RS08050, spec=gm04274
2024/12/17 08:41:21.666 [AWT-EventQueue-0] INFO   cgdp.corealign.DomCluster clustid=606, order=0, coreidx1=1143, coreidx2=1143
2024/12/17 08:41:21.666 [AWT-EventQueue-0] INFO   cgdp.corealign.DomCluster domNo=0, name=LCYAK_RS09075, spec=gm05061
2024/12/17 08:41:21.666 [AWT-EventQueue-0] INFO   cgdp.corealign.DomCluster clustid=606, order=0, coreidx1=1143, coreidx2=1143
2024/12/17 08:41:21.666 [AWT-EventQueue-0] INFO   cgdp.corealign.DomCluster domNo=0, name=LCACT_RS09255, spec=gm05066
2024/12/17 08:41:21.666 [AWT-EventQueue-0] INFO   cgdp.corealign.DomCluster clustid=606, order=0, coreidx1=1143, coreidx2=1143
2024/12/17 08:41:21.666 [AWT-EventQueue-0] INFO   cgdp.corealign.DomCluster domNo=0, name=BGL52_RS08735, spec=gm08549
2024/12/17 08:41:21.666 [AWT-EventQueue-0] INFO   cgdp.corealign.DomCluster clustid=606, order=0, coreidx1=1143, coreidx2=1143
2024/12/17 08:41:21.666 [AWT-EventQueue-0] INFO   cgdp.corealign.DomCluster domNo=0, name=DYY97_RS08075, spec=gm10478
2024/12/17 08:41:21.666 [AWT-EventQueue-0] INFO   cgdp.corealign.DomCluster clustid=606, order=0, coreidx1=1143, coreidx2=1143
2024/12/17 08:41:21.666 [AWT-EventQueue-0] INFO   cgdp.corealign.DomCluster domNo=0, name=LCABL_RS09335, spec=lcb
2024/12/17 08:41:21.666 [AWT-EventQueue-0] INFO   cgdp.corealign.DomCluster clustid=606, order=0, coreidx1=1143, coreidx2=1143
2024/12/17 08:41:21.666 [AWT-EventQueue-0] INFO   cgdp.corealign.DomCluster domNo=0, name=BN194_RS09370, spec=lcw
2024/12/17 08:41:21.666 [AWT-EventQueue-0] INFO   cgdp.corealign.DomCluster clustid=606, order=0, coreidx1=1143, coreidx2=1143
2024/12/17 08:41:21.666 [AWT-EventQueue-0] INFO   cgdp.corealign.DomCluster domNo=0, name=LCA12A_RS08275, spec=lcx
2024/12/17 08:41:21.666 [AWT-EventQueue-0] INFO   cgdp.corealign.DomCluster clustid=606, order=0, coreidx1=1143, coreidx2=1143
2024/12/17 08:41:21.666 [AWT-EventQueue-0] INFO   cgdp.corealign.Cluster Cluster id=36, name=36
2024/12/17 08:41:21.666 [AWT-EventQueue-0] INFO   cgdp.corealign.DomCluster domNo=0, name=LBCZ_RS08370, spec=gm04274
2024/12/17 08:41:21.666 [AWT-EventQueue-0] INFO   cgdp.corealign.DomCluster clustid=36, order=0, coreidx1=1188, coreidx2=1188
2024/12/17 08:41:21.666 [AWT-EventQueue-0] INFO   cgdp.corealign.DomCluster domNo=0, name=LCYAK_RS09310, spec=gm05061
2024/12/17 08:41:21.666 [AWT-EventQueue-0] INFO   cgdp.corealign.DomCluster clustid=36, order=0, coreidx1=1188, coreidx2=1188
2024/12/17 08:41:21.666 [AWT-EventQueue-0] INFO   cgdp.corealign.DomCluster domNo=0, name=LCACT_RS09490, spec=gm05066
2024/12/17 08:41:21.666 [AWT-EventQueue-0] INFO   cgdp.corealign.DomCluster clustid=36, order=0, coreidx1=1188, coreidx2=1188
2024/12/17 08:41:21.666 [AWT-EventQueue-0] INFO   cgdp.corealign.DomCluster domNo=0, name=BGL52_RS09045, spec=gm08549
2024/12/17 08:41:21.666 [AWT-EventQueue-0] INFO   cgdp.corealign.DomCluster clustid=36, order=0, coreidx1=1188, coreidx2=1188
2024/12/17 08:41:21.666 [AWT-EventQueue-0] INFO   cgdp.corealign.DomCluster domNo=0, name=DYY97_RS08340, spec=gm10478
2024/12/17 08:41:21.666 [AWT-EventQueue-0] INFO   cgdp.corealign.DomCluster clustid=36, order=0, coreidx1=1188, coreidx2=1188
2024/12/17 08:41:21.666 [AWT-EventQueue-0] INFO   cgdp.corealign.DomCluster domNo=0, name=LCABL_RS09570, spec=lcb
2024/12/17 08:41:21.666 [AWT-EventQueue-0] INFO   cgdp.corealign.DomCluster clustid=36, order=0, coreidx1=1188, coreidx2=1188
2024/12/17 08:41:21.666 [AWT-EventQueue-0] INFO   cgdp.corealign.DomCluster domNo=0, name=BN194_RS09605, spec=lcw
2024/12/17 08:41:21.666 [AWT-EventQueue-0] INFO   cgdp.corealign.DomCluster clustid=36, order=0, coreidx1=1188, coreidx2=1188
2024/12/17 08:41:21.666 [AWT-EventQueue-0] INFO   cgdp.corealign.DomCluster domNo=0, name=BN194_RS16410, spec=lcw
2024/12/17 08:41:21.666 [AWT-EventQueue-0] INFO   cgdp.corealign.DomCluster clustid=36, order=0, coreidx1=1188, coreidx2=1188
2024/12/17 08:41:21.666 [AWT-EventQueue-0] INFO   cgdp.corealign.DomCluster domNo=0, name=LCA12A_RS08510, spec=lcx
2024/12/17 08:41:21.666 [AWT-EventQueue-0] INFO   cgdp.corealign.DomCluster clustid=36, order=0, coreidx1=1188, coreidx2=1188
2024/12/17 08:41:21.666 [AWT-EventQueue-0] INFO   cgdp.corealign.Cluster Cluster id=2061, name=2061
2024/12/17 08:41:21.666 [AWT-EventQueue-0] INFO   cgdp.corealign.DomCluster domNo=0, name=LBCZ_RS07505, spec=gm04274
2024/12/17 08:41:21.666 [AWT-EventQueue-0] INFO   cgdp.corealign.DomCluster clustid=2061, order=0, coreidx1=1039, coreidx2=1039
2024/12/17 08:41:21.666 [AWT-EventQueue-0] INFO   cgdp.corealign.DomCluster domNo=0, name=LCYAK_RS08525, spec=gm05061
2024/12/17 08:41:21.666 [AWT-EventQueue-0] INFO   cgdp.corealign.DomCluster clustid=2061, order=0, coreidx1=1039, coreidx2=1039
2024/12/17 08:41:21.666 [AWT-EventQueue-0] INFO   cgdp.corealign.DomCluster domNo=0, name=LCACT_RS08705, spec=gm05066
2024/12/17 08:41:21.666 [AWT-EventQueue-0] INFO   cgdp.corealign.DomCluster clustid=2061, order=0, coreidx1=1039, coreidx2=1039
2024/12/17 08:41:21.666 [AWT-EventQueue-0] INFO   cgdp.corealign.DomCluster domNo=0, name=BGL52_RS08180, spec=gm08549
2024/12/17 08:41:21.666 [AWT-EventQueue-0] INFO   cgdp.corealign.DomCluster clustid=2061, order=0, coreidx1=1039, coreidx2=1039
2024/12/17 08:41:21.666 [AWT-EventQueue-0] INFO   cgdp.corealign.DomCluster domNo=0, name=DYY97_RS07525, spec=gm10478
2024/12/17 08:41:21.666 [AWT-EventQueue-0] INFO   cgdp.corealign.DomCluster clustid=2061, order=0, coreidx1=1039, coreidx2=1039
2024/12/17 08:41:21.666 [AWT-EventQueue-0] INFO   cgdp.corealign.DomCluster domNo=0, name=LCABL_RS08785, spec=lcb
2024/12/17 08:41:21.666 [AWT-EventQueue-0] INFO   cgdp.corealign.DomCluster clustid=2061, order=0, coreidx1=1039, coreidx2=1039
2024/12/17 08:41:21.666 [AWT-EventQueue-0] INFO   cgdp.corealign.DomCluster domNo=0, name=BN194_RS08805, spec=lcw
2024/12/17 08:41:21.666 [AWT-EventQueue-0] INFO   cgdp.corealign.DomCluster clustid=2061, order=0, coreidx1=1039, coreidx2=1039
2024/12/17 08:41:21.666 [AWT-EventQueue-0] INFO   cgdp.corealign.DomCluster domNo=0, name=LCA12A_RS07455, spec=lcx
2024/12/17 08:41:21.666 [AWT-EventQueue-0] INFO   cgdp.corealign.DomCluster clustid=2061, order=0, coreidx1=1039, coreidx2=1039
2024/12/17 08:41:21.666 [AWT-EventQueue-0] INFO   cgdp.corealign.Cluster Cluster id=2420, name=2420
2024/12/17 08:41:21.666 [AWT-EventQueue-0] INFO   cgdp.corealign.DomCluster domNo=0, name=LBCZ_RS07480, spec=gm04274
2024/12/17 08:41:21.666 [AWT-EventQueue-0] INFO   cgdp.corealign.DomCluster clustid=2420, order=0, coreidx1=1034, coreidx2=1034
2024/12/17 08:41:21.666 [AWT-EventQueue-0] INFO   cgdp.corealign.DomCluster domNo=0, name=LCYAK_RS08500, spec=gm05061
2024/12/17 08:41:21.666 [AWT-EventQueue-0] INFO   cgdp.corealign.DomCluster clustid=2420, order=0, coreidx1=1034, coreidx2=1034
2024/12/17 08:41:21.666 [AWT-EventQueue-0] INFO   cgdp.corealign.DomCluster domNo=0, name=LCACT_RS08680, spec=gm05066
2024/12/17 08:41:21.666 [AWT-EventQueue-0] INFO   cgdp.corealign.DomCluster clustid=2420, order=0, coreidx1=1034, coreidx2=1034
2024/12/17 08:41:21.666 [AWT-EventQueue-0] INFO   cgdp.corealign.DomCluster domNo=0, name=BGL52_RS08155, spec=gm08549
2024/12/17 08:41:21.666 [AWT-EventQueue-0] INFO   cgdp.corealign.DomCluster clustid=2420, order=0, coreidx1=1034, coreidx2=1034
2024/12/17 08:41:21.666 [AWT-EventQueue-0] INFO   cgdp.corealign.DomCluster domNo=0, name=DYY97_RS07495, spec=gm10478
2024/12/17 08:41:21.666 [AWT-EventQueue-0] INFO   cgdp.corealign.DomCluster clustid=2420, order=0, coreidx1=1034, coreidx2=1034
2024/12/17 08:41:21.666 [AWT-EventQueue-0] INFO   cgdp.corealign.DomCluster domNo=0, name=LCABL_RS08760, spec=lcb
2024/12/17 08:41:21.666 [AWT-EventQueue-0] INFO   cgdp.corealign.DomCluster clustid=2420, order=0, coreidx1=1034, coreidx2=1034
2024/12/17 08:41:21.666 [AWT-EventQueue-0] INFO   cgdp.corealign.DomCluster domNo=0, name=BN194_RS08780, spec=lcw
2024/12/17 08:41:21.667 [AWT-EventQueue-0] INFO   cgdp.corealign.DomCluster clustid=2420, order=0, coreidx1=1034, coreidx2=1034
2024/12/17 08:41:21.667 [AWT-EventQueue-0] INFO   cgdp.corealign.DomCluster domNo=0, name=LCA12A_RS07430, spec=lcx
2024/12/17 08:41:21.667 [AWT-EventQueue-0] INFO   cgdp.corealign.DomCluster clustid=2420, order=0, coreidx1=1034, coreidx2=1034
2024/12/17 08:41:21.667 [AWT-EventQueue-0] INFO   cgdp.corealign.Cluster Cluster id=1867, name=1867
2024/12/17 08:41:21.667 [AWT-EventQueue-0] INFO   cgdp.corealign.DomCluster domNo=0, name=LBCZ_RS07685, spec=gm04274
2024/12/17 08:41:21.667 [AWT-EventQueue-0] INFO   cgdp.corealign.DomCluster clustid=1867, order=0, coreidx1=1074, coreidx2=1074
2024/12/17 08:41:21.667 [AWT-EventQueue-0] INFO   cgdp.corealign.DomCluster domNo=0, name=LCYAK_RS08700, spec=gm05061
2024/12/17 08:41:21.667 [AWT-EventQueue-0] INFO   cgdp.corealign.DomCluster clustid=1867, order=0, coreidx1=1074, coreidx2=1074
2024/12/17 08:41:21.667 [AWT-EventQueue-0] INFO   cgdp.corealign.DomCluster domNo=0, name=LCACT_RS08880, spec=gm05066
2024/12/17 08:41:21.667 [AWT-EventQueue-0] INFO   cgdp.corealign.DomCluster clustid=1867, order=0, coreidx1=1074, coreidx2=1074
2024/12/17 08:41:21.667 [AWT-EventQueue-0] INFO   cgdp.corealign.DomCluster domNo=0, name=BGL52_RS08370, spec=gm08549
2024/12/17 08:41:21.667 [AWT-EventQueue-0] INFO   cgdp.corealign.DomCluster clustid=1867, order=0, coreidx1=1074, coreidx2=1074
2024/12/17 08:41:21.667 [AWT-EventQueue-0] INFO   cgdp.corealign.DomCluster domNo=0, name=DYY97_RS07710, spec=gm10478
2024/12/17 08:41:21.667 [AWT-EventQueue-0] INFO   cgdp.corealign.DomCluster clustid=1867, order=0, coreidx1=1074, coreidx2=1074
2024/12/17 08:41:21.667 [AWT-EventQueue-0] INFO   cgdp.corealign.DomCluster domNo=0, name=LCABL_RS08960, spec=lcb
2024/12/17 08:41:21.667 [AWT-EventQueue-0] INFO   cgdp.corealign.DomCluster clustid=1867, order=0, coreidx1=1074, coreidx2=1074
2024/12/17 08:41:21.667 [AWT-EventQueue-0] INFO   cgdp.corealign.DomCluster domNo=0, name=BN194_RS08980, spec=lcw
2024/12/17 08:41:21.667 [AWT-EventQueue-0] INFO   cgdp.corealign.DomCluster clustid=1867, order=0, coreidx1=1074, coreidx2=1074
2024/12/17 08:41:21.667 [AWT-EventQueue-0] INFO   cgdp.corealign.DomCluster domNo=0, name=LCA12A_RS07910, spec=lcx
2024/12/17 08:41:21.667 [AWT-EventQueue-0] INFO   cgdp.corealign.DomCluster clustid=1867, order=0, coreidx1=1074, coreidx2=1074
2024/12/17 08:41:21.667 [AWT-EventQueue-0] INFO   cgdp.corealign.Cluster Cluster id=1916, name=1916
2024/12/17 08:41:21.667 [AWT-EventQueue-0] INFO   cgdp.corealign.DomCluster domNo=0, name=LBCZ_RS08120, spec=gm04274
2024/12/17 08:41:21.667 [AWT-EventQueue-0] INFO   cgdp.corealign.DomCluster clustid=1916, order=0, coreidx1=1150, coreidx2=1150
2024/12/17 08:41:21.667 [AWT-EventQueue-0] INFO   cgdp.corealign.DomCluster domNo=0, name=LCYAK_RS09110, spec=gm05061
2024/12/17 08:41:21.667 [AWT-EventQueue-0] INFO   cgdp.corealign.DomCluster clustid=1916, order=0, coreidx1=1150, coreidx2=1150
2024/12/17 08:41:21.667 [AWT-EventQueue-0] INFO   cgdp.corealign.DomCluster domNo=0, name=LCACT_RS09290, spec=gm05066
2024/12/17 08:41:21.667 [AWT-EventQueue-0] INFO   cgdp.corealign.DomCluster clustid=1916, order=0, coreidx1=1150, coreidx2=1150
2024/12/17 08:41:21.667 [AWT-EventQueue-0] INFO   cgdp.corealign.DomCluster domNo=0, name=BGL52_RS08795, spec=gm08549
2024/12/17 08:41:21.667 [AWT-EventQueue-0] INFO   cgdp.corealign.DomCluster clustid=1916, order=0, coreidx1=1150, coreidx2=1150
2024/12/17 08:41:21.667 [AWT-EventQueue-0] INFO   cgdp.corealign.DomCluster domNo=0, name=DYY97_RS08110, spec=gm10478
2024/12/17 08:41:21.667 [AWT-EventQueue-0] INFO   cgdp.corealign.DomCluster clustid=1916, order=0, coreidx1=1150, coreidx2=1150
2024/12/17 08:41:21.667 [AWT-EventQueue-0] INFO   cgdp.corealign.DomCluster domNo=0, name=LCABL_RS09370, spec=lcb
2024/12/17 08:41:21.667 [AWT-EventQueue-0] INFO   cgdp.corealign.DomCluster clustid=1916, order=0, coreidx1=1150, coreidx2=1150
2024/12/17 08:41:21.667 [AWT-EventQueue-0] INFO   cgdp.corealign.DomCluster domNo=0, name=BN194_RS09405, spec=lcw
2024/12/17 08:41:21.667 [AWT-EventQueue-0] INFO   cgdp.corealign.DomCluster clustid=1916, order=0, coreidx1=1150, coreidx2=1150
2024/12/17 08:41:21.667 [AWT-EventQueue-0] INFO   cgdp.corealign.DomCluster domNo=0, name=LCA12A_RS08310, spec=lcx
2024/12/17 08:41:21.667 [AWT-EventQueue-0] INFO   cgdp.corealign.DomCluster clustid=1916, order=0, coreidx1=1150, coreidx2=1150
2024/12/17 08:41:21.667 [AWT-EventQueue-0] INFO   cgdp.corealign.Cluster Cluster id=2220, name=2220
2024/12/17 08:41:21.667 [AWT-EventQueue-0] INFO   cgdp.corealign.DomCluster domNo=0, name=LBCZ_RS08280, spec=gm04274
2024/12/17 08:41:21.667 [AWT-EventQueue-0] INFO   cgdp.corealign.DomCluster clustid=2220, order=0, coreidx1=1173, coreidx2=1173
2024/12/17 08:41:21.667 [AWT-EventQueue-0] INFO   cgdp.corealign.DomCluster domNo=0, name=LCYAK_RS09230, spec=gm05061
2024/12/17 08:41:21.667 [AWT-EventQueue-0] INFO   cgdp.corealign.DomCluster clustid=2220, order=0, coreidx1=1173, coreidx2=1173
2024/12/17 08:41:21.667 [AWT-EventQueue-0] INFO   cgdp.corealign.DomCluster domNo=0, name=LCACT_RS09410, spec=gm05066
2024/12/17 08:41:21.667 [AWT-EventQueue-0] INFO   cgdp.corealign.DomCluster clustid=2220, order=0, coreidx1=1173, coreidx2=1173
2024/12/17 08:41:21.667 [AWT-EventQueue-0] INFO   cgdp.corealign.DomCluster domNo=0, name=BGL52_RS08950, spec=gm08549
2024/12/17 08:41:21.667 [AWT-EventQueue-0] INFO   cgdp.corealign.DomCluster clustid=2220, order=0, coreidx1=1173, coreidx2=1173
2024/12/17 08:41:21.667 [AWT-EventQueue-0] INFO   cgdp.corealign.DomCluster domNo=0, name=DYY97_RS08260, spec=gm10478
2024/12/17 08:41:21.667 [AWT-EventQueue-0] INFO   cgdp.corealign.DomCluster clustid=2220, order=0, coreidx1=1173, coreidx2=1173
2024/12/17 08:41:21.667 [AWT-EventQueue-0] INFO   cgdp.corealign.DomCluster domNo=0, name=LCABL_RS09490, spec=lcb
2024/12/17 08:41:21.667 [AWT-EventQueue-0] INFO   cgdp.corealign.DomCluster clustid=2220, order=0, coreidx1=1173, coreidx2=1173
2024/12/17 08:41:21.667 [AWT-EventQueue-0] INFO   cgdp.corealign.DomCluster domNo=0, name=BN194_RS09525, spec=lcw
2024/12/17 08:41:21.667 [AWT-EventQueue-0] INFO   cgdp.corealign.DomCluster clustid=2220, order=0, coreidx1=1173, coreidx2=1173
2024/12/17 08:41:21.667 [AWT-EventQueue-0] INFO   cgdp.corealign.DomCluster domNo=0, name=LCA12A_RS08430, spec=lcx
2024/12/17 08:41:21.667 [AWT-EventQueue-0] INFO   cgdp.corealign.DomCluster clustid=2220, order=0, coreidx1=1173, coreidx2=1173
2024/12/17 08:41:21.667 [AWT-EventQueue-0] INFO   cgdp.corealign.Cluster Cluster id=2489, name=2489
2024/12/17 08:41:21.667 [AWT-EventQueue-0] INFO   cgdp.corealign.DomCluster domNo=0, name=LCYAK_RS08845, spec=gm05061
2024/12/17 08:41:21.667 [AWT-EventQueue-0] INFO   cgdp.corealign.DomCluster clustid=2489, order=0, coreidx1=1103, coreidx2=1103
2024/12/17 08:41:21.667 [AWT-EventQueue-0] INFO   cgdp.corealign.DomCluster domNo=0, name=LCACT_RS09025, spec=gm05066
2024/12/17 08:41:21.667 [AWT-EventQueue-0] INFO   cgdp.corealign.DomCluster clustid=2489, order=0, coreidx1=1103, coreidx2=1103
2024/12/17 08:41:21.667 [AWT-EventQueue-0] INFO   cgdp.corealign.DomCluster domNo=0, name=BGL52_RS08515, spec=gm08549
2024/12/17 08:41:21.667 [AWT-EventQueue-0] INFO   cgdp.corealign.DomCluster clustid=2489, order=0, coreidx1=1103, coreidx2=1103
2024/12/17 08:41:21.667 [AWT-EventQueue-0] INFO   cgdp.corealign.DomCluster domNo=0, name=DYY97_RS07855, spec=gm10478
2024/12/17 08:41:21.667 [AWT-EventQueue-0] INFO   cgdp.corealign.DomCluster clustid=2489, order=0, coreidx1=1103, coreidx2=1103
2024/12/17 08:41:21.667 [AWT-EventQueue-0] INFO   cgdp.corealign.DomCluster domNo=0, name=LCABL_RS09105, spec=lcb
2024/12/17 08:41:21.667 [AWT-EventQueue-0] INFO   cgdp.corealign.DomCluster clustid=2489, order=0, coreidx1=1103, coreidx2=1103
2024/12/17 08:41:21.667 [AWT-EventQueue-0] INFO   cgdp.corealign.DomCluster domNo=0, name=BN194_RS09135, spec=lcw
2024/12/17 08:41:21.667 [AWT-EventQueue-0] INFO   cgdp.corealign.DomCluster clustid=2489, order=0, coreidx1=1103, coreidx2=1103
2024/12/17 08:41:21.667 [AWT-EventQueue-0] INFO   cgdp.corealign.DomCluster domNo=0, name=LCA12A_RS08050, spec=lcx
2024/12/17 08:41:21.667 [AWT-EventQueue-0] INFO   cgdp.corealign.DomCluster clustid=2489, order=0, coreidx1=1103, coreidx2=1103
2024/12/17 08:41:21.667 [AWT-EventQueue-0] INFO   cgdp.corealign.Cluster Cluster id=201, name=201
2024/12/17 08:41:21.667 [AWT-EventQueue-0] INFO   cgdp.corealign.DomCluster domNo=0, name=LBCZ_RS08375, spec=gm04274
2024/12/17 08:41:21.667 [AWT-EventQueue-0] INFO   cgdp.corealign.DomCluster clustid=201, order=0, coreidx1=1189, coreidx2=1189
2024/12/17 08:41:21.667 [AWT-EventQueue-0] INFO   cgdp.corealign.DomCluster domNo=0, name=LCYAK_RS09315, spec=gm05061
2024/12/17 08:41:21.667 [AWT-EventQueue-0] INFO   cgdp.corealign.DomCluster clustid=201, order=0, coreidx1=1189, coreidx2=1189
2024/12/17 08:41:21.667 [AWT-EventQueue-0] INFO   cgdp.corealign.DomCluster domNo=0, name=LCACT_RS09495, spec=gm05066
2024/12/17 08:41:21.667 [AWT-EventQueue-0] INFO   cgdp.corealign.DomCluster clustid=201, order=0, coreidx1=1189, coreidx2=1189
2024/12/17 08:41:21.667 [AWT-EventQueue-0] INFO   cgdp.corealign.DomCluster domNo=0, name=BGL52_RS09050, spec=gm08549
2024/12/17 08:41:21.667 [AWT-EventQueue-0] INFO   cgdp.corealign.DomCluster clustid=201, order=0, coreidx1=1189, coreidx2=1189
2024/12/17 08:41:21.667 [AWT-EventQueue-0] INFO   cgdp.corealign.DomCluster domNo=0, name=DYY97_RS08345, spec=gm10478
2024/12/17 08:41:21.667 [AWT-EventQueue-0] INFO   cgdp.corealign.DomCluster clustid=201, order=0, coreidx1=1189, coreidx2=1189
2024/12/17 08:41:21.667 [AWT-EventQueue-0] INFO   cgdp.corealign.DomCluster domNo=0, name=LCABL_RS09575, spec=lcb
2024/12/17 08:41:21.667 [AWT-EventQueue-0] INFO   cgdp.corealign.DomCluster clustid=201, order=0, coreidx1=1189, coreidx2=1189
2024/12/17 08:41:21.667 [AWT-EventQueue-0] INFO   cgdp.corealign.DomCluster domNo=0, name=BN194_RS09610, spec=lcw
2024/12/17 08:41:21.667 [AWT-EventQueue-0] INFO   cgdp.corealign.DomCluster clustid=201, order=0, coreidx1=1189, coreidx2=1189
2024/12/17 08:41:21.667 [AWT-EventQueue-0] INFO   cgdp.corealign.DomCluster domNo=0, name=LCA12A_RS08515, spec=lcx
2024/12/17 08:41:21.667 [AWT-EventQueue-0] INFO   cgdp.corealign.DomCluster clustid=201, order=0, coreidx1=1189, coreidx2=1189
2024/12/17 08:41:21.667 [AWT-EventQueue-0] INFO   cgdp.corealign.Cluster Cluster id=911, name=911
2024/12/17 08:41:21.667 [AWT-EventQueue-0] INFO   cgdp.corealign.DomCluster domNo=0, name=LBCZ_RS07665, spec=gm04274
2024/12/17 08:41:21.667 [AWT-EventQueue-0] INFO   cgdp.corealign.DomCluster clustid=911, order=0, coreidx1=1070, coreidx2=1070
2024/12/17 08:41:21.667 [AWT-EventQueue-0] INFO   cgdp.corealign.DomCluster domNo=0, name=LCYAK_RS08680, spec=gm05061
2024/12/17 08:41:21.667 [AWT-EventQueue-0] INFO   cgdp.corealign.DomCluster clustid=911, order=0, coreidx1=1070, coreidx2=1070
2024/12/17 08:41:21.667 [AWT-EventQueue-0] INFO   cgdp.corealign.DomCluster domNo=0, name=LCACT_RS08860, spec=gm05066
2024/12/17 08:41:21.667 [AWT-EventQueue-0] INFO   cgdp.corealign.DomCluster clustid=911, order=0, coreidx1=1070, coreidx2=1070
2024/12/17 08:41:21.667 [AWT-EventQueue-0] INFO   cgdp.corealign.DomCluster domNo=0, name=BGL52_RS08350, spec=gm08549
2024/12/17 08:41:21.667 [AWT-EventQueue-0] INFO   cgdp.corealign.DomCluster clustid=911, order=0, coreidx1=1070, coreidx2=1070
2024/12/17 08:41:21.667 [AWT-EventQueue-0] INFO   cgdp.corealign.DomCluster domNo=0, name=DYY97_RS07690, spec=gm10478
2024/12/17 08:41:21.667 [AWT-EventQueue-0] INFO   cgdp.corealign.DomCluster clustid=911, order=0, coreidx1=1070, coreidx2=1070
2024/12/17 08:41:21.667 [AWT-EventQueue-0] INFO   cgdp.corealign.DomCluster domNo=0, name=LCABL_RS08940, spec=lcb
2024/12/17 08:41:21.667 [AWT-EventQueue-0] INFO   cgdp.corealign.DomCluster clustid=911, order=0, coreidx1=1070, coreidx2=1070
2024/12/17 08:41:21.667 [AWT-EventQueue-0] INFO   cgdp.corealign.DomCluster domNo=0, name=BN194_RS08960, spec=lcw
2024/12/17 08:41:21.667 [AWT-EventQueue-0] INFO   cgdp.corealign.DomCluster clustid=911, order=0, coreidx1=1070, coreidx2=1070
2024/12/17 08:41:21.667 [AWT-EventQueue-0] INFO   cgdp.corealign.DomCluster domNo=0, name=LCA12A_RS07890, spec=lcx
2024/12/17 08:41:21.667 [AWT-EventQueue-0] INFO   cgdp.corealign.DomCluster clustid=911, order=0, coreidx1=1070, coreidx2=1070
2024/12/17 08:41:21.667 [AWT-EventQueue-0] INFO   cgdp.corealign.Cluster Cluster id=1596, name=1596
2024/12/17 08:41:21.668 [AWT-EventQueue-0] INFO   cgdp.corealign.DomCluster domNo=0, name=LBCZ_RS07600, spec=gm04274
2024/12/17 08:41:21.668 [AWT-EventQueue-0] INFO   cgdp.corealign.DomCluster clustid=1596, order=0, coreidx1=1058, coreidx2=1058
2024/12/17 08:41:21.668 [AWT-EventQueue-0] INFO   cgdp.corealign.DomCluster domNo=0, name=LCYAK_RS08620, spec=gm05061
2024/12/17 08:41:21.668 [AWT-EventQueue-0] INFO   cgdp.corealign.DomCluster clustid=1596, order=0, coreidx1=1058, coreidx2=1058
2024/12/17 08:41:21.668 [AWT-EventQueue-0] INFO   cgdp.corealign.DomCluster domNo=0, name=LCACT_RS08800, spec=gm05066
2024/12/17 08:41:21.668 [AWT-EventQueue-0] INFO   cgdp.corealign.DomCluster clustid=1596, order=0, coreidx1=1058, coreidx2=1058
2024/12/17 08:41:21.668 [AWT-EventQueue-0] INFO   cgdp.corealign.DomCluster domNo=0, name=BGL52_RS08280, spec=gm08549
2024/12/17 08:41:21.668 [AWT-EventQueue-0] INFO   cgdp.corealign.DomCluster clustid=1596, order=0, coreidx1=1058, coreidx2=1058
2024/12/17 08:41:21.668 [AWT-EventQueue-0] INFO   cgdp.corealign.DomCluster domNo=0, name=DYY97_RS07620, spec=gm10478
2024/12/17 08:41:21.668 [AWT-EventQueue-0] INFO   cgdp.corealign.DomCluster clustid=1596, order=0, coreidx1=1058, coreidx2=1058
2024/12/17 08:41:21.668 [AWT-EventQueue-0] INFO   cgdp.corealign.DomCluster domNo=0, name=LCABL_RS08880, spec=lcb
2024/12/17 08:41:21.668 [AWT-EventQueue-0] INFO   cgdp.corealign.DomCluster clustid=1596, order=0, coreidx1=1058, coreidx2=1058
2024/12/17 08:41:21.668 [AWT-EventQueue-0] INFO   cgdp.corealign.DomCluster domNo=0, name=BN194_RS08900, spec=lcw
2024/12/17 08:41:21.668 [AWT-EventQueue-0] INFO   cgdp.corealign.DomCluster clustid=1596, order=0, coreidx1=1058, coreidx2=1058
2024/12/17 08:41:21.668 [AWT-EventQueue-0] INFO   cgdp.corealign.DomCluster domNo=0, name=LCA12A_RS07830, spec=lcx
2024/12/17 08:41:21.668 [AWT-EventQueue-0] INFO   cgdp.corealign.DomCluster clustid=1596, order=0, coreidx1=1058, coreidx2=1058
2024/12/17 08:41:21.668 [AWT-EventQueue-0] INFO   cgdp.corealign.Cluster Cluster id=1494, name=1494
2024/12/17 08:41:21.668 [AWT-EventQueue-0] INFO   cgdp.corealign.DomCluster domNo=0, name=LBCZ_RS08030, spec=gm04274
2024/12/17 08:41:21.668 [AWT-EventQueue-0] INFO   cgdp.corealign.DomCluster clustid=1494, order=0, coreidx1=1139, coreidx2=1139
2024/12/17 08:41:21.668 [AWT-EventQueue-0] INFO   cgdp.corealign.DomCluster domNo=0, name=LCYAK_RS09055, spec=gm05061
2024/12/17 08:41:21.668 [AWT-EventQueue-0] INFO   cgdp.corealign.DomCluster clustid=1494, order=0, coreidx1=1139, coreidx2=1139
2024/12/17 08:41:21.668 [AWT-EventQueue-0] INFO   cgdp.corealign.DomCluster domNo=0, name=LCACT_RS09235, spec=gm05066
2024/12/17 08:41:21.668 [AWT-EventQueue-0] INFO   cgdp.corealign.DomCluster clustid=1494, order=0, coreidx1=1139, coreidx2=1139
2024/12/17 08:41:21.668 [AWT-EventQueue-0] INFO   cgdp.corealign.DomCluster domNo=0, name=BGL52_RS08715, spec=gm08549
2024/12/17 08:41:21.668 [AWT-EventQueue-0] INFO   cgdp.corealign.DomCluster clustid=1494, order=0, coreidx1=1139, coreidx2=1139
2024/12/17 08:41:21.668 [AWT-EventQueue-0] INFO   cgdp.corealign.DomCluster domNo=0, name=DYY97_RS08055, spec=gm10478
2024/12/17 08:41:21.668 [AWT-EventQueue-0] INFO   cgdp.corealign.DomCluster clustid=1494, order=0, coreidx1=1139, coreidx2=1139
2024/12/17 08:41:21.668 [AWT-EventQueue-0] INFO   cgdp.corealign.DomCluster domNo=0, name=LCABL_RS09315, spec=lcb
2024/12/17 08:41:21.668 [AWT-EventQueue-0] INFO   cgdp.corealign.DomCluster clustid=1494, order=0, coreidx1=1139, coreidx2=1139
2024/12/17 08:41:21.668 [AWT-EventQueue-0] INFO   cgdp.corealign.DomCluster domNo=0, name=BN194_RS09350, spec=lcw
2024/12/17 08:41:21.668 [AWT-EventQueue-0] INFO   cgdp.corealign.DomCluster clustid=1494, order=0, coreidx1=1139, coreidx2=1139
2024/12/17 08:41:21.668 [AWT-EventQueue-0] INFO   cgdp.corealign.DomCluster domNo=0, name=LCA12A_RS08255, spec=lcx
2024/12/17 08:41:21.668 [AWT-EventQueue-0] INFO   cgdp.corealign.DomCluster clustid=1494, order=0, coreidx1=1139, coreidx2=1139
2024/12/17 08:41:21.668 [AWT-EventQueue-0] INFO   cgdp.corealign.Cluster Cluster id=1358, name=1358
2024/12/17 08:41:21.668 [AWT-EventQueue-0] INFO   cgdp.corealign.DomCluster domNo=0, name=LBCZ_RS08325, spec=gm04274
2024/12/17 08:41:21.668 [AWT-EventQueue-0] INFO   cgdp.corealign.DomCluster clustid=1358, order=0, coreidx1=1180, coreidx2=1180
2024/12/17 08:41:21.668 [AWT-EventQueue-0] INFO   cgdp.corealign.DomCluster domNo=0, name=LCYAK_RS09270, spec=gm05061
2024/12/17 08:41:21.668 [AWT-EventQueue-0] INFO   cgdp.corealign.DomCluster clustid=1358, order=0, coreidx1=1180, coreidx2=1180
2024/12/17 08:41:21.668 [AWT-EventQueue-0] INFO   cgdp.corealign.DomCluster domNo=0, name=LCACT_RS09450, spec=gm05066
2024/12/17 08:41:21.668 [AWT-EventQueue-0] INFO   cgdp.corealign.DomCluster clustid=1358, order=0, coreidx1=1180, coreidx2=1180
2024/12/17 08:41:21.668 [AWT-EventQueue-0] INFO   cgdp.corealign.DomCluster domNo=0, name=BGL52_RS08990, spec=gm08549
2024/12/17 08:41:21.668 [AWT-EventQueue-0] INFO   cgdp.corealign.DomCluster clustid=1358, order=0, coreidx1=1180, coreidx2=1180
2024/12/17 08:41:21.668 [AWT-EventQueue-0] INFO   cgdp.corealign.DomCluster domNo=0, name=DYY97_RS08300, spec=gm10478
2024/12/17 08:41:21.668 [AWT-EventQueue-0] INFO   cgdp.corealign.DomCluster clustid=1358, order=0, coreidx1=1180, coreidx2=1180
2024/12/17 08:41:21.668 [AWT-EventQueue-0] INFO   cgdp.corealign.DomCluster domNo=0, name=LCABL_RS09530, spec=lcb
2024/12/17 08:41:21.668 [AWT-EventQueue-0] INFO   cgdp.corealign.DomCluster clustid=1358, order=0, coreidx1=1180, coreidx2=1180
2024/12/17 08:41:21.668 [AWT-EventQueue-0] INFO   cgdp.corealign.DomCluster domNo=0, name=BN194_RS09565, spec=lcw
2024/12/17 08:41:21.668 [AWT-EventQueue-0] INFO   cgdp.corealign.DomCluster clustid=1358, order=0, coreidx1=1180, coreidx2=1180
2024/12/17 08:41:21.668 [AWT-EventQueue-0] INFO   cgdp.corealign.DomCluster domNo=0, name=LCA12A_RS08470, spec=lcx
2024/12/17 08:41:21.668 [AWT-EventQueue-0] INFO   cgdp.corealign.DomCluster clustid=1358, order=0, coreidx1=1180, coreidx2=1180
2024/12/17 08:41:21.668 [AWT-EventQueue-0] INFO   cgdp.corealign.Cluster Cluster id=2044, name=2044
2024/12/17 08:41:21.668 [AWT-EventQueue-0] INFO   cgdp.corealign.DomCluster domNo=0, name=LBCZ_RS07780, spec=gm04274
2024/12/17 08:41:21.668 [AWT-EventQueue-0] INFO   cgdp.corealign.DomCluster clustid=2044, order=0, coreidx1=1094, coreidx2=1094
2024/12/17 08:41:21.668 [AWT-EventQueue-0] INFO   cgdp.corealign.DomCluster domNo=0, name=LCYAK_RS08800, spec=gm05061
2024/12/17 08:41:21.668 [AWT-EventQueue-0] INFO   cgdp.corealign.DomCluster clustid=2044, order=0, coreidx1=1094, coreidx2=1094
2024/12/17 08:41:21.668 [AWT-EventQueue-0] INFO   cgdp.corealign.DomCluster domNo=0, name=LCACT_RS08980, spec=gm05066
2024/12/17 08:41:21.668 [AWT-EventQueue-0] INFO   cgdp.corealign.DomCluster clustid=2044, order=0, coreidx1=1094, coreidx2=1094
2024/12/17 08:41:21.668 [AWT-EventQueue-0] INFO   cgdp.corealign.DomCluster domNo=0, name=BGL52_RS08470, spec=gm08549
2024/12/17 08:41:21.668 [AWT-EventQueue-0] INFO   cgdp.corealign.DomCluster clustid=2044, order=0, coreidx1=1094, coreidx2=1094
2024/12/17 08:41:21.668 [AWT-EventQueue-0] INFO   cgdp.corealign.DomCluster domNo=0, name=DYY97_RS07810, spec=gm10478
2024/12/17 08:41:21.668 [AWT-EventQueue-0] INFO   cgdp.corealign.DomCluster clustid=2044, order=0, coreidx1=1094, coreidx2=1094
2024/12/17 08:41:21.668 [AWT-EventQueue-0] INFO   cgdp.corealign.DomCluster domNo=0, name=LCABL_RS09060, spec=lcb
2024/12/17 08:41:21.668 [AWT-EventQueue-0] INFO   cgdp.corealign.DomCluster clustid=2044, order=0, coreidx1=1094, coreidx2=1094
2024/12/17 08:41:21.668 [AWT-EventQueue-0] INFO   cgdp.corealign.DomCluster domNo=0, name=BN194_RS09090, spec=lcw
2024/12/17 08:41:21.668 [AWT-EventQueue-0] INFO   cgdp.corealign.DomCluster clustid=2044, order=0, coreidx1=1094, coreidx2=1094
2024/12/17 08:41:21.668 [AWT-EventQueue-0] INFO   cgdp.corealign.DomCluster domNo=0, name=LCA12A_RS08005, spec=lcx
2024/12/17 08:41:21.668 [AWT-EventQueue-0] INFO   cgdp.corealign.DomCluster clustid=2044, order=0, coreidx1=1094, coreidx2=1094
2024/12/17 08:41:21.668 [AWT-EventQueue-0] INFO   cgdp.corealign.Cluster Cluster id=94, name=94
2024/12/17 08:41:21.668 [AWT-EventQueue-0] INFO   cgdp.corealign.DomCluster domNo=0, name=LBCZ_RS08260, spec=gm04274
2024/12/17 08:41:21.668 [AWT-EventQueue-0] INFO   cgdp.corealign.DomCluster clustid=94, order=0, coreidx1=1169, coreidx2=1169
2024/12/17 08:41:21.668 [AWT-EventQueue-0] INFO   cgdp.corealign.DomCluster domNo=0, name=LCYAK_RS09210, spec=gm05061
2024/12/17 08:41:21.668 [AWT-EventQueue-0] INFO   cgdp.corealign.DomCluster clustid=94, order=0, coreidx1=1169, coreidx2=1169
2024/12/17 08:41:21.668 [AWT-EventQueue-0] INFO   cgdp.corealign.DomCluster domNo=0, name=LCACT_RS09390, spec=gm05066
2024/12/17 08:41:21.668 [AWT-EventQueue-0] INFO   cgdp.corealign.DomCluster clustid=94, order=0, coreidx1=1169, coreidx2=1169
2024/12/17 08:41:21.668 [AWT-EventQueue-0] INFO   cgdp.corealign.DomCluster domNo=0, name=BGL52_RS08930, spec=gm08549
2024/12/17 08:41:21.668 [AWT-EventQueue-0] INFO   cgdp.corealign.DomCluster clustid=94, order=0, coreidx1=1169, coreidx2=1169
2024/12/17 08:41:21.668 [AWT-EventQueue-0] INFO   cgdp.corealign.DomCluster domNo=0, name=DYY97_RS08240, spec=gm10478
2024/12/17 08:41:21.668 [AWT-EventQueue-0] INFO   cgdp.corealign.DomCluster clustid=94, order=0, coreidx1=1169, coreidx2=1169
2024/12/17 08:41:21.668 [AWT-EventQueue-0] INFO   cgdp.corealign.DomCluster domNo=0, name=LCABL_RS09470, spec=lcb
2024/12/17 08:41:21.668 [AWT-EventQueue-0] INFO   cgdp.corealign.DomCluster clustid=94, order=0, coreidx1=1169, coreidx2=1169
2024/12/17 08:41:21.668 [AWT-EventQueue-0] INFO   cgdp.corealign.DomCluster domNo=0, name=BN194_RS09505, spec=lcw
2024/12/17 08:41:21.668 [AWT-EventQueue-0] INFO   cgdp.corealign.DomCluster clustid=94, order=0, coreidx1=1169, coreidx2=1169
2024/12/17 08:41:21.668 [AWT-EventQueue-0] INFO   cgdp.corealign.DomCluster domNo=0, name=LCA12A_RS08410, spec=lcx
2024/12/17 08:41:21.668 [AWT-EventQueue-0] INFO   cgdp.corealign.DomCluster clustid=94, order=0, coreidx1=1169, coreidx2=1169
2024/12/17 08:41:21.668 [AWT-EventQueue-0] INFO   cgdp.corealign.Cluster Cluster id=1659, name=1659
2024/12/17 08:41:21.668 [AWT-EventQueue-0] INFO   cgdp.corealign.DomCluster domNo=0, name=LBCZ_RS07960, spec=gm04274
2024/12/17 08:41:21.668 [AWT-EventQueue-0] INFO   cgdp.corealign.DomCluster clustid=1659, order=0, coreidx1=1125, coreidx2=1125
2024/12/17 08:41:21.668 [AWT-EventQueue-0] INFO   cgdp.corealign.DomCluster domNo=0, name=LCYAK_RS08980, spec=gm05061
2024/12/17 08:41:21.668 [AWT-EventQueue-0] INFO   cgdp.corealign.DomCluster clustid=1659, order=0, coreidx1=1125, coreidx2=1125
2024/12/17 08:41:21.668 [AWT-EventQueue-0] INFO   cgdp.corealign.DomCluster domNo=0, name=LCACT_RS09160, spec=gm05066
2024/12/17 08:41:21.668 [AWT-EventQueue-0] INFO   cgdp.corealign.DomCluster clustid=1659, order=0, coreidx1=1125, coreidx2=1125
2024/12/17 08:41:21.668 [AWT-EventQueue-0] INFO   cgdp.corealign.DomCluster domNo=0, name=BGL52_RS08645, spec=gm08549
2024/12/17 08:41:21.668 [AWT-EventQueue-0] INFO   cgdp.corealign.DomCluster clustid=1659, order=0, coreidx1=1125, coreidx2=1125
2024/12/17 08:41:21.668 [AWT-EventQueue-0] INFO   cgdp.corealign.DomCluster domNo=0, name=DYY97_RS07985, spec=gm10478
2024/12/17 08:41:21.668 [AWT-EventQueue-0] INFO   cgdp.corealign.DomCluster clustid=1659, order=0, coreidx1=1125, coreidx2=1125
2024/12/17 08:41:21.668 [AWT-EventQueue-0] INFO   cgdp.corealign.DomCluster domNo=0, name=LCABL_RS09240, spec=lcb
2024/12/17 08:41:21.668 [AWT-EventQueue-0] INFO   cgdp.corealign.DomCluster clustid=1659, order=0, coreidx1=1125, coreidx2=1125
2024/12/17 08:41:21.668 [AWT-EventQueue-0] INFO   cgdp.corealign.DomCluster domNo=0, name=BN194_RS09275, spec=lcw
2024/12/17 08:41:21.668 [AWT-EventQueue-0] INFO   cgdp.corealign.DomCluster clustid=1659, order=0, coreidx1=1125, coreidx2=1125
2024/12/17 08:41:21.668 [AWT-EventQueue-0] INFO   cgdp.corealign.DomCluster domNo=0, name=LCA12A_RS08175, spec=lcx
2024/12/17 08:41:21.668 [AWT-EventQueue-0] INFO   cgdp.corealign.DomCluster clustid=1659, order=0, coreidx1=1125, coreidx2=1125
2024/12/17 08:41:21.668 [AWT-EventQueue-0] INFO   cgdp.corealign.Cluster Cluster id=1981, name=1981
2024/12/17 08:41:21.668 [AWT-EventQueue-0] INFO   cgdp.corealign.DomCluster domNo=0, name=LBCZ_RS08355, spec=gm04274
2024/12/17 08:41:21.668 [AWT-EventQueue-0] INFO   cgdp.corealign.DomCluster clustid=1981, order=0, coreidx1=1185, coreidx2=1185
2024/12/17 08:41:21.668 [AWT-EventQueue-0] INFO   cgdp.corealign.DomCluster domNo=0, name=LCYAK_RS09295, spec=gm05061
2024/12/17 08:41:21.668 [AWT-EventQueue-0] INFO   cgdp.corealign.DomCluster clustid=1981, order=0, coreidx1=1185, coreidx2=1185
2024/12/17 08:41:21.668 [AWT-EventQueue-0] INFO   cgdp.corealign.DomCluster domNo=0, name=LCACT_RS09475, spec=gm05066
2024/12/17 08:41:21.668 [AWT-EventQueue-0] INFO   cgdp.corealign.DomCluster clustid=1981, order=0, coreidx1=1185, coreidx2=1185
2024/12/17 08:41:21.668 [AWT-EventQueue-0] INFO   cgdp.corealign.DomCluster domNo=0, name=BGL52_RS09020, spec=gm08549
2024/12/17 08:41:21.668 [AWT-EventQueue-0] INFO   cgdp.corealign.DomCluster clustid=1981, order=0, coreidx1=1185, coreidx2=1185
2024/12/17 08:41:21.668 [AWT-EventQueue-0] INFO   cgdp.corealign.DomCluster domNo=0, name=DYY97_RS08325, spec=gm10478
2024/12/17 08:41:21.668 [AWT-EventQueue-0] INFO   cgdp.corealign.DomCluster clustid=1981, order=0, coreidx1=1185, coreidx2=1185
2024/12/17 08:41:21.668 [AWT-EventQueue-0] INFO   cgdp.corealign.DomCluster domNo=0, name=LCABL_RS09555, spec=lcb
2024/12/17 08:41:21.668 [AWT-EventQueue-0] INFO   cgdp.corealign.DomCluster clustid=1981, order=0, coreidx1=1185, coreidx2=1185
2024/12/17 08:41:21.668 [AWT-EventQueue-0] INFO   cgdp.corealign.DomCluster domNo=0, name=BN194_RS09590, spec=lcw
2024/12/17 08:41:21.668 [AWT-EventQueue-0] INFO   cgdp.corealign.DomCluster clustid=1981, order=0, coreidx1=1185, coreidx2=1185
2024/12/17 08:41:21.669 [AWT-EventQueue-0] INFO   cgdp.corealign.DomCluster domNo=0, name=LCA12A_RS08495, spec=lcx
2024/12/17 08:41:21.669 [AWT-EventQueue-0] INFO   cgdp.corealign.DomCluster clustid=1981, order=0, coreidx1=1185, coreidx2=1185
2024/12/17 08:41:21.669 [AWT-EventQueue-0] INFO   cgdp.corealign.Cluster Cluster id=2224, name=2224
2024/12/17 08:41:21.669 [AWT-EventQueue-0] INFO   cgdp.corealign.DomCluster domNo=0, name=LBCZ_RS07940, spec=gm04274
2024/12/17 08:41:21.669 [AWT-EventQueue-0] INFO   cgdp.corealign.DomCluster clustid=2224, order=0, coreidx1=1122, coreidx2=1122
2024/12/17 08:41:21.669 [AWT-EventQueue-0] INFO   cgdp.corealign.DomCluster domNo=0, name=LCYAK_RS08965, spec=gm05061
2024/12/17 08:41:21.669 [AWT-EventQueue-0] INFO   cgdp.corealign.DomCluster clustid=2224, order=0, coreidx1=1122, coreidx2=1122
2024/12/17 08:41:21.669 [AWT-EventQueue-0] INFO   cgdp.corealign.DomCluster domNo=0, name=LCACT_RS09145, spec=gm05066
2024/12/17 08:41:21.669 [AWT-EventQueue-0] INFO   cgdp.corealign.DomCluster clustid=2224, order=0, coreidx1=1122, coreidx2=1122
2024/12/17 08:41:21.669 [AWT-EventQueue-0] INFO   cgdp.corealign.DomCluster domNo=0, name=BGL52_RS08630, spec=gm08549
2024/12/17 08:41:21.669 [AWT-EventQueue-0] INFO   cgdp.corealign.DomCluster clustid=2224, order=0, coreidx1=1122, coreidx2=1122
2024/12/17 08:41:21.669 [AWT-EventQueue-0] INFO   cgdp.corealign.DomCluster domNo=0, name=DYY97_RS07970, spec=gm10478
2024/12/17 08:41:21.669 [AWT-EventQueue-0] INFO   cgdp.corealign.DomCluster clustid=2224, order=0, coreidx1=1122, coreidx2=1122
2024/12/17 08:41:21.669 [AWT-EventQueue-0] INFO   cgdp.corealign.DomCluster domNo=0, name=LCABL_RS09225, spec=lcb
2024/12/17 08:41:21.669 [AWT-EventQueue-0] INFO   cgdp.corealign.DomCluster clustid=2224, order=0, coreidx1=1122, coreidx2=1122
2024/12/17 08:41:21.669 [AWT-EventQueue-0] INFO   cgdp.corealign.DomCluster domNo=0, name=BN194_RS09260, spec=lcw
2024/12/17 08:41:21.669 [AWT-EventQueue-0] INFO   cgdp.corealign.DomCluster clustid=2224, order=0, coreidx1=1122, coreidx2=1122
2024/12/17 08:41:21.669 [AWT-EventQueue-0] INFO   cgdp.corealign.DomCluster domNo=0, name=LCA12A_RS08160, spec=lcx
2024/12/17 08:41:21.669 [AWT-EventQueue-0] INFO   cgdp.corealign.DomCluster clustid=2224, order=0, coreidx1=1122, coreidx2=1122
2024/12/17 08:41:21.669 [AWT-EventQueue-0] INFO   cgdp.corealign.Cluster Cluster id=1917, name=1917
2024/12/17 08:41:21.669 [AWT-EventQueue-0] INFO   cgdp.corealign.DomCluster domNo=0, name=LBCZ_RS07890, spec=gm04274
2024/12/17 08:41:21.669 [AWT-EventQueue-0] INFO   cgdp.corealign.DomCluster clustid=1917, order=0, coreidx1=1114, coreidx2=1114
2024/12/17 08:41:21.669 [AWT-EventQueue-0] INFO   cgdp.corealign.DomCluster domNo=0, name=LCYAK_RS08910, spec=gm05061
2024/12/17 08:41:21.669 [AWT-EventQueue-0] INFO   cgdp.corealign.DomCluster clustid=1917, order=0, coreidx1=1114, coreidx2=1114
2024/12/17 08:41:21.669 [AWT-EventQueue-0] INFO   cgdp.corealign.DomCluster domNo=0, name=LCACT_RS09090, spec=gm05066
2024/12/17 08:41:21.669 [AWT-EventQueue-0] INFO   cgdp.corealign.DomCluster clustid=1917, order=0, coreidx1=1114, coreidx2=1114
2024/12/17 08:41:21.669 [AWT-EventQueue-0] INFO   cgdp.corealign.DomCluster domNo=0, name=BGL52_RS08585, spec=gm08549
2024/12/17 08:41:21.669 [AWT-EventQueue-0] INFO   cgdp.corealign.DomCluster clustid=1917, order=0, coreidx1=1114, coreidx2=1114
2024/12/17 08:41:21.669 [AWT-EventQueue-0] INFO   cgdp.corealign.DomCluster domNo=0, name=DYY97_RS07925, spec=gm10478
2024/12/17 08:41:21.669 [AWT-EventQueue-0] INFO   cgdp.corealign.DomCluster clustid=1917, order=0, coreidx1=1114, coreidx2=1114
2024/12/17 08:41:21.669 [AWT-EventQueue-0] INFO   cgdp.corealign.DomCluster domNo=0, name=LCABL_RS09170, spec=lcb
2024/12/17 08:41:21.669 [AWT-EventQueue-0] INFO   cgdp.corealign.DomCluster clustid=1917, order=0, coreidx1=1114, coreidx2=1114
2024/12/17 08:41:21.669 [AWT-EventQueue-0] INFO   cgdp.corealign.DomCluster domNo=0, name=BN194_RS09205, spec=lcw
2024/12/17 08:41:21.669 [AWT-EventQueue-0] INFO   cgdp.corealign.DomCluster clustid=1917, order=0, coreidx1=1114, coreidx2=1114
2024/12/17 08:41:21.669 [AWT-EventQueue-0] INFO   cgdp.corealign.DomCluster domNo=0, name=LCA12A_RS08115, spec=lcx
2024/12/17 08:41:21.669 [AWT-EventQueue-0] INFO   cgdp.corealign.DomCluster clustid=1917, order=0, coreidx1=1114, coreidx2=1114
2024/12/17 08:41:21.669 [AWT-EventQueue-0] INFO   cgdp.corealign.Cluster Cluster id=821, name=821
2024/12/17 08:41:21.669 [AWT-EventQueue-0] INFO   cgdp.corealign.DomCluster domNo=0, name=LBCZ_RS07970, spec=gm04274
2024/12/17 08:41:21.669 [AWT-EventQueue-0] INFO   cgdp.corealign.DomCluster clustid=821, order=0, coreidx1=1127, coreidx2=1127
2024/12/17 08:41:21.669 [AWT-EventQueue-0] INFO   cgdp.corealign.DomCluster domNo=0, name=LCYAK_RS08990, spec=gm05061
2024/12/17 08:41:21.669 [AWT-EventQueue-0] INFO   cgdp.corealign.DomCluster clustid=821, order=0, coreidx1=1127, coreidx2=1127
2024/12/17 08:41:21.669 [AWT-EventQueue-0] INFO   cgdp.corealign.DomCluster domNo=0, name=LCACT_RS09170, spec=gm05066
2024/12/17 08:41:21.669 [AWT-EventQueue-0] INFO   cgdp.corealign.DomCluster clustid=821, order=0, coreidx1=1127, coreidx2=1127
2024/12/17 08:41:21.669 [AWT-EventQueue-0] INFO   cgdp.corealign.DomCluster domNo=0, name=BGL52_RS08655, spec=gm08549
2024/12/17 08:41:21.669 [AWT-EventQueue-0] INFO   cgdp.corealign.DomCluster clustid=821, order=0, coreidx1=1127, coreidx2=1127
2024/12/17 08:41:21.669 [AWT-EventQueue-0] INFO   cgdp.corealign.DomCluster domNo=0, name=DYY97_RS07995, spec=gm10478
2024/12/17 08:41:21.669 [AWT-EventQueue-0] INFO   cgdp.corealign.DomCluster clustid=821, order=0, coreidx1=1127, coreidx2=1127
2024/12/17 08:41:21.669 [AWT-EventQueue-0] INFO   cgdp.corealign.DomCluster domNo=0, name=LCABL_RS09250, spec=lcb
2024/12/17 08:41:21.669 [AWT-EventQueue-0] INFO   cgdp.corealign.DomCluster clustid=821, order=0, coreidx1=1127, coreidx2=1127
2024/12/17 08:41:21.669 [AWT-EventQueue-0] INFO   cgdp.corealign.DomCluster domNo=0, name=BN194_RS09285, spec=lcw
2024/12/17 08:41:21.669 [AWT-EventQueue-0] INFO   cgdp.corealign.DomCluster clustid=821, order=0, coreidx1=1127, coreidx2=1127
2024/12/17 08:41:21.669 [AWT-EventQueue-0] INFO   cgdp.corealign.DomCluster domNo=0, name=LCA12A_RS08185, spec=lcx
2024/12/17 08:41:21.669 [AWT-EventQueue-0] INFO   cgdp.corealign.DomCluster clustid=821, order=0, coreidx1=1127, coreidx2=1127
2024/12/17 08:41:21.669 [AWT-EventQueue-0] INFO   cgdp.corealign.Cluster Cluster id=1799, name=1799
2024/12/17 08:41:21.669 [AWT-EventQueue-0] INFO   cgdp.corealign.DomCluster domNo=0, name=LBCZ_RS07580, spec=gm04274
2024/12/17 08:41:21.669 [AWT-EventQueue-0] INFO   cgdp.corealign.DomCluster clustid=1799, order=0, coreidx1=1054, coreidx2=1054
2024/12/17 08:41:21.669 [AWT-EventQueue-0] INFO   cgdp.corealign.DomCluster domNo=0, name=LCYAK_RS08600, spec=gm05061
2024/12/17 08:41:21.669 [AWT-EventQueue-0] INFO   cgdp.corealign.DomCluster clustid=1799, order=0, coreidx1=1054, coreidx2=1054
2024/12/17 08:41:21.669 [AWT-EventQueue-0] INFO   cgdp.corealign.DomCluster domNo=0, name=LCACT_RS08780, spec=gm05066
2024/12/17 08:41:21.669 [AWT-EventQueue-0] INFO   cgdp.corealign.DomCluster clustid=1799, order=0, coreidx1=1054, coreidx2=1054
2024/12/17 08:41:21.669 [AWT-EventQueue-0] INFO   cgdp.corealign.DomCluster domNo=0, name=BGL52_RS08260, spec=gm08549
2024/12/17 08:41:21.669 [AWT-EventQueue-0] INFO   cgdp.corealign.DomCluster clustid=1799, order=0, coreidx1=1054, coreidx2=1054
2024/12/17 08:41:21.669 [AWT-EventQueue-0] INFO   cgdp.corealign.DomCluster domNo=0, name=DYY97_RS07600, spec=gm10478
2024/12/17 08:41:21.669 [AWT-EventQueue-0] INFO   cgdp.corealign.DomCluster clustid=1799, order=0, coreidx1=1054, coreidx2=1054
2024/12/17 08:41:21.669 [AWT-EventQueue-0] INFO   cgdp.corealign.DomCluster domNo=0, name=LCABL_RS08860, spec=lcb
2024/12/17 08:41:21.669 [AWT-EventQueue-0] INFO   cgdp.corealign.DomCluster clustid=1799, order=0, coreidx1=1054, coreidx2=1054
2024/12/17 08:41:21.669 [AWT-EventQueue-0] INFO   cgdp.corealign.DomCluster domNo=0, name=BN194_RS08880, spec=lcw
2024/12/17 08:41:21.669 [AWT-EventQueue-0] INFO   cgdp.corealign.DomCluster clustid=1799, order=0, coreidx1=1054, coreidx2=1054
2024/12/17 08:41:21.669 [AWT-EventQueue-0] INFO   cgdp.corealign.DomCluster domNo=0, name=LCA12A_RS07810, spec=lcx
2024/12/17 08:41:21.669 [AWT-EventQueue-0] INFO   cgdp.corealign.DomCluster clustid=1799, order=0, coreidx1=1054, coreidx2=1054
2024/12/17 08:41:21.669 [AWT-EventQueue-0] INFO   cgdp.corealign.Cluster Cluster id=1926, name=1926
2024/12/17 08:41:21.669 [AWT-EventQueue-0] INFO   cgdp.corealign.DomCluster domNo=0, name=LBCZ_RS07920, spec=gm04274
2024/12/17 08:41:21.669 [AWT-EventQueue-0] INFO   cgdp.corealign.DomCluster clustid=1926, order=0, coreidx1=1120, coreidx2=1120
2024/12/17 08:41:21.669 [AWT-EventQueue-0] INFO   cgdp.corealign.DomCluster domNo=0, name=LCYAK_RS08950, spec=gm05061
2024/12/17 08:41:21.669 [AWT-EventQueue-0] INFO   cgdp.corealign.DomCluster clustid=1926, order=0, coreidx1=1120, coreidx2=1120
2024/12/17 08:41:21.669 [AWT-EventQueue-0] INFO   cgdp.corealign.DomCluster domNo=0, name=LCACT_RS09130, spec=gm05066
2024/12/17 08:41:21.669 [AWT-EventQueue-0] INFO   cgdp.corealign.DomCluster clustid=1926, order=0, coreidx1=1120, coreidx2=1120
2024/12/17 08:41:21.669 [AWT-EventQueue-0] INFO   cgdp.corealign.DomCluster domNo=0, name=BGL52_RS08615, spec=gm08549
2024/12/17 08:41:21.669 [AWT-EventQueue-0] INFO   cgdp.corealign.DomCluster clustid=1926, order=0, coreidx1=1120, coreidx2=1120
2024/12/17 08:41:21.669 [AWT-EventQueue-0] INFO   cgdp.corealign.DomCluster domNo=0, name=DYY97_RS07955, spec=gm10478
2024/12/17 08:41:21.669 [AWT-EventQueue-0] INFO   cgdp.corealign.DomCluster clustid=1926, order=0, coreidx1=1120, coreidx2=1120
2024/12/17 08:41:21.669 [AWT-EventQueue-0] INFO   cgdp.corealign.DomCluster domNo=0, name=LCABL_RS09210, spec=lcb
2024/12/17 08:41:21.669 [AWT-EventQueue-0] INFO   cgdp.corealign.DomCluster clustid=1926, order=0, coreidx1=1120, coreidx2=1120
2024/12/17 08:41:21.669 [AWT-EventQueue-0] INFO   cgdp.corealign.DomCluster domNo=0, name=BN194_RS09245, spec=lcw
2024/12/17 08:41:21.669 [AWT-EventQueue-0] INFO   cgdp.corealign.DomCluster clustid=1926, order=0, coreidx1=1120, coreidx2=1120
2024/12/17 08:41:21.669 [AWT-EventQueue-0] INFO   cgdp.corealign.DomCluster domNo=0, name=LCA12A_RS08145, spec=lcx
2024/12/17 08:41:21.669 [AWT-EventQueue-0] INFO   cgdp.corealign.DomCluster clustid=1926, order=0, coreidx1=1120, coreidx2=1120
2024/12/17 08:41:21.669 [AWT-EventQueue-0] INFO   cgdp.corealign.Cluster Cluster id=59, name=59
2024/12/17 08:41:21.669 [AWT-EventQueue-0] INFO   cgdp.corealign.DomCluster domNo=0, name=LBCZ_RS07645, spec=gm04274
2024/12/17 08:41:21.669 [AWT-EventQueue-0] INFO   cgdp.corealign.DomCluster clustid=59, order=0, coreidx1=1066, coreidx2=1066
2024/12/17 08:41:21.669 [AWT-EventQueue-0] INFO   cgdp.corealign.DomCluster domNo=0, name=LCYAK_RS08660, spec=gm05061
2024/12/17 08:41:21.669 [AWT-EventQueue-0] INFO   cgdp.corealign.DomCluster clustid=59, order=0, coreidx1=1066, coreidx2=1066
2024/12/17 08:41:21.669 [AWT-EventQueue-0] INFO   cgdp.corealign.DomCluster domNo=0, name=LCACT_RS08840, spec=gm05066
2024/12/17 08:41:21.669 [AWT-EventQueue-0] INFO   cgdp.corealign.DomCluster clustid=59, order=0, coreidx1=1066, coreidx2=1066
2024/12/17 08:41:21.669 [AWT-EventQueue-0] INFO   cgdp.corealign.DomCluster domNo=0, name=BGL52_RS08325, spec=gm08549
2024/12/17 08:41:21.669 [AWT-EventQueue-0] INFO   cgdp.corealign.DomCluster clustid=59, order=0, coreidx1=1066, coreidx2=1066
2024/12/17 08:41:21.669 [AWT-EventQueue-0] INFO   cgdp.corealign.DomCluster domNo=0, name=DYY97_RS07665, spec=gm10478
2024/12/17 08:41:21.669 [AWT-EventQueue-0] INFO   cgdp.corealign.DomCluster clustid=59, order=0, coreidx1=1066, coreidx2=1066
2024/12/17 08:41:21.669 [AWT-EventQueue-0] INFO   cgdp.corealign.DomCluster domNo=0, name=LCABL_RS08920, spec=lcb
2024/12/17 08:41:21.669 [AWT-EventQueue-0] INFO   cgdp.corealign.DomCluster clustid=59, order=0, coreidx1=1066, coreidx2=1066
2024/12/17 08:41:21.669 [AWT-EventQueue-0] INFO   cgdp.corealign.DomCluster domNo=0, name=BN194_RS08940, spec=lcw
2024/12/17 08:41:21.669 [AWT-EventQueue-0] INFO   cgdp.corealign.DomCluster clustid=59, order=0, coreidx1=1066, coreidx2=1066
2024/12/17 08:41:21.669 [AWT-EventQueue-0] INFO   cgdp.corealign.DomCluster domNo=0, name=LCA12A_RS07870, spec=lcx
2024/12/17 08:41:21.669 [AWT-EventQueue-0] INFO   cgdp.corealign.DomCluster clustid=59, order=0, coreidx1=1066, coreidx2=1066
2024/12/17 08:41:21.669 [AWT-EventQueue-0] INFO   cgdp.corealign.Cluster Cluster id=1570, name=1570
2024/12/17 08:41:21.669 [AWT-EventQueue-0] INFO   cgdp.corealign.DomCluster domNo=0, name=LBCZ_RS07810, spec=gm04274
2024/12/17 08:41:21.669 [AWT-EventQueue-0] INFO   cgdp.corealign.DomCluster clustid=1570, order=0, coreidx1=1100, coreidx2=1100
2024/12/17 08:41:21.669 [AWT-EventQueue-0] INFO   cgdp.corealign.DomCluster domNo=0, name=LCYAK_RS08830, spec=gm05061
2024/12/17 08:41:21.669 [AWT-EventQueue-0] INFO   cgdp.corealign.DomCluster clustid=1570, order=0, coreidx1=1100, coreidx2=1100
2024/12/17 08:41:21.669 [AWT-EventQueue-0] INFO   cgdp.corealign.DomCluster domNo=0, name=LCACT_RS09010, spec=gm05066
2024/12/17 08:41:21.669 [AWT-EventQueue-0] INFO   cgdp.corealign.DomCluster clustid=1570, order=0, coreidx1=1100, coreidx2=1100
2024/12/17 08:41:21.669 [AWT-EventQueue-0] INFO   cgdp.corealign.DomCluster domNo=0, name=BGL52_RS08500, spec=gm08549
2024/12/17 08:41:21.669 [AWT-EventQueue-0] INFO   cgdp.corealign.DomCluster clustid=1570, order=0, coreidx1=1100, coreidx2=1100
2024/12/17 08:41:21.669 [AWT-EventQueue-0] INFO   cgdp.corealign.DomCluster domNo=0, name=DYY97_RS07840, spec=gm10478
2024/12/17 08:41:21.669 [AWT-EventQueue-0] INFO   cgdp.corealign.DomCluster clustid=1570, order=0, coreidx1=1100, coreidx2=1100
2024/12/17 08:41:21.669 [AWT-EventQueue-0] INFO   cgdp.corealign.DomCluster domNo=0, name=LCABL_RS09090, spec=lcb
2024/12/17 08:41:21.669 [AWT-EventQueue-0] INFO   cgdp.corealign.DomCluster clustid=1570, order=0, coreidx1=1100, coreidx2=1100
2024/12/17 08:41:21.670 [AWT-EventQueue-0] INFO   cgdp.corealign.DomCluster domNo=0, name=BN194_RS09120, spec=lcw
2024/12/17 08:41:21.670 [AWT-EventQueue-0] INFO   cgdp.corealign.DomCluster clustid=1570, order=0, coreidx1=1100, coreidx2=1100
2024/12/17 08:41:21.670 [AWT-EventQueue-0] INFO   cgdp.corealign.DomCluster domNo=0, name=LCA12A_RS08035, spec=lcx
2024/12/17 08:41:21.670 [AWT-EventQueue-0] INFO   cgdp.corealign.DomCluster clustid=1570, order=0, coreidx1=1100, coreidx2=1100
2024/12/17 08:41:21.670 [AWT-EventQueue-0] INFO   cgdp.corealign.Cluster Cluster id=2296, name=2296
2024/12/17 08:41:21.670 [AWT-EventQueue-0] INFO   cgdp.corealign.DomCluster domNo=0, name=LBCZ_RS07485, spec=gm04274
2024/12/17 08:41:21.670 [AWT-EventQueue-0] INFO   cgdp.corealign.DomCluster clustid=2296, order=0, coreidx1=1035, coreidx2=1035
2024/12/17 08:41:21.670 [AWT-EventQueue-0] INFO   cgdp.corealign.DomCluster domNo=0, name=LCYAK_RS08505, spec=gm05061
2024/12/17 08:41:21.670 [AWT-EventQueue-0] INFO   cgdp.corealign.DomCluster clustid=2296, order=0, coreidx1=1035, coreidx2=1035
2024/12/17 08:41:21.670 [AWT-EventQueue-0] INFO   cgdp.corealign.DomCluster domNo=0, name=LCACT_RS08685, spec=gm05066
2024/12/17 08:41:21.670 [AWT-EventQueue-0] INFO   cgdp.corealign.DomCluster clustid=2296, order=0, coreidx1=1035, coreidx2=1035
2024/12/17 08:41:21.670 [AWT-EventQueue-0] INFO   cgdp.corealign.DomCluster domNo=0, name=BGL52_RS08160, spec=gm08549
2024/12/17 08:41:21.670 [AWT-EventQueue-0] INFO   cgdp.corealign.DomCluster clustid=2296, order=0, coreidx1=1035, coreidx2=1035
2024/12/17 08:41:21.670 [AWT-EventQueue-0] INFO   cgdp.corealign.DomCluster domNo=0, name=DYY97_RS07500, spec=gm10478
2024/12/17 08:41:21.670 [AWT-EventQueue-0] INFO   cgdp.corealign.DomCluster clustid=2296, order=0, coreidx1=1035, coreidx2=1035
2024/12/17 08:41:21.670 [AWT-EventQueue-0] INFO   cgdp.corealign.DomCluster domNo=0, name=LCABL_RS08765, spec=lcb
2024/12/17 08:41:21.670 [AWT-EventQueue-0] INFO   cgdp.corealign.DomCluster clustid=2296, order=0, coreidx1=1035, coreidx2=1035
2024/12/17 08:41:21.670 [AWT-EventQueue-0] INFO   cgdp.corealign.DomCluster domNo=0, name=BN194_RS08785, spec=lcw
2024/12/17 08:41:21.670 [AWT-EventQueue-0] INFO   cgdp.corealign.DomCluster clustid=2296, order=0, coreidx1=1035, coreidx2=1035
2024/12/17 08:41:21.670 [AWT-EventQueue-0] INFO   cgdp.corealign.DomCluster domNo=0, name=LCA12A_RS07435, spec=lcx
2024/12/17 08:41:21.670 [AWT-EventQueue-0] INFO   cgdp.corealign.DomCluster clustid=2296, order=0, coreidx1=1035, coreidx2=1035
2024/12/17 08:41:21.670 [AWT-EventQueue-0] INFO   cgdp.corealign.Cluster Cluster id=788, name=788
2024/12/17 08:41:21.670 [AWT-EventQueue-0] INFO   cgdp.corealign.DomCluster domNo=0, name=LBCZ_RS07655, spec=gm04274
2024/12/17 08:41:21.670 [AWT-EventQueue-0] INFO   cgdp.corealign.DomCluster clustid=788, order=0, coreidx1=1068, coreidx2=1068
2024/12/17 08:41:21.670 [AWT-EventQueue-0] INFO   cgdp.corealign.DomCluster domNo=0, name=LCYAK_RS08670, spec=gm05061
2024/12/17 08:41:21.670 [AWT-EventQueue-0] INFO   cgdp.corealign.DomCluster clustid=788, order=0, coreidx1=1068, coreidx2=1068
2024/12/17 08:41:21.670 [AWT-EventQueue-0] INFO   cgdp.corealign.DomCluster domNo=0, name=LCACT_RS08850, spec=gm05066
2024/12/17 08:41:21.670 [AWT-EventQueue-0] INFO   cgdp.corealign.DomCluster clustid=788, order=0, coreidx1=1068, coreidx2=1068
2024/12/17 08:41:21.670 [AWT-EventQueue-0] INFO   cgdp.corealign.DomCluster domNo=0, name=BGL52_RS08340, spec=gm08549
2024/12/17 08:41:21.670 [AWT-EventQueue-0] INFO   cgdp.corealign.DomCluster clustid=788, order=0, coreidx1=1068, coreidx2=1068
2024/12/17 08:41:21.670 [AWT-EventQueue-0] INFO   cgdp.corealign.DomCluster domNo=0, name=DYY97_RS07680, spec=gm10478
2024/12/17 08:41:21.670 [AWT-EventQueue-0] INFO   cgdp.corealign.DomCluster clustid=788, order=0, coreidx1=1068, coreidx2=1068
2024/12/17 08:41:21.670 [AWT-EventQueue-0] INFO   cgdp.corealign.DomCluster domNo=0, name=LCABL_RS08930, spec=lcb
2024/12/17 08:41:21.670 [AWT-EventQueue-0] INFO   cgdp.corealign.DomCluster clustid=788, order=0, coreidx1=1068, coreidx2=1068
2024/12/17 08:41:21.670 [AWT-EventQueue-0] INFO   cgdp.corealign.DomCluster domNo=0, name=BN194_RS08950, spec=lcw
2024/12/17 08:41:21.670 [AWT-EventQueue-0] INFO   cgdp.corealign.DomCluster clustid=788, order=0, coreidx1=1068, coreidx2=1068
2024/12/17 08:41:21.670 [AWT-EventQueue-0] INFO   cgdp.corealign.DomCluster domNo=0, name=LCA12A_RS07880, spec=lcx
2024/12/17 08:41:21.670 [AWT-EventQueue-0] INFO   cgdp.corealign.DomCluster clustid=788, order=0, coreidx1=1068, coreidx2=1068
2024/12/17 08:41:21.670 [AWT-EventQueue-0] INFO   cgdp.corealign.Cluster Cluster id=2409, name=2409
2024/12/17 08:41:21.670 [AWT-EventQueue-0] INFO   cgdp.corealign.DomCluster domNo=0, name=LBCZ_RS07750, spec=gm04274
2024/12/17 08:41:21.670 [AWT-EventQueue-0] INFO   cgdp.corealign.DomCluster clustid=2409, order=0, coreidx1=1088, coreidx2=1088
2024/12/17 08:41:21.670 [AWT-EventQueue-0] INFO   cgdp.corealign.DomCluster domNo=0, name=LCYAK_RS08770, spec=gm05061
2024/12/17 08:41:21.670 [AWT-EventQueue-0] INFO   cgdp.corealign.DomCluster clustid=2409, order=0, coreidx1=1088, coreidx2=1088
2024/12/17 08:41:21.670 [AWT-EventQueue-0] INFO   cgdp.corealign.DomCluster domNo=0, name=LCACT_RS08950, spec=gm05066
2024/12/17 08:41:21.670 [AWT-EventQueue-0] INFO   cgdp.corealign.DomCluster clustid=2409, order=0, coreidx1=1088, coreidx2=1088
2024/12/17 08:41:21.670 [AWT-EventQueue-0] INFO   cgdp.corealign.DomCluster domNo=0, name=BGL52_RS08440, spec=gm08549
2024/12/17 08:41:21.670 [AWT-EventQueue-0] INFO   cgdp.corealign.DomCluster clustid=2409, order=0, coreidx1=1088, coreidx2=1088
2024/12/17 08:41:21.670 [AWT-EventQueue-0] INFO   cgdp.corealign.DomCluster domNo=0, name=DYY97_RS07780, spec=gm10478
2024/12/17 08:41:21.670 [AWT-EventQueue-0] INFO   cgdp.corealign.DomCluster clustid=2409, order=0, coreidx1=1088, coreidx2=1088
2024/12/17 08:41:21.670 [AWT-EventQueue-0] INFO   cgdp.corealign.DomCluster domNo=0, name=LCABL_RS09030, spec=lcb
2024/12/17 08:41:21.670 [AWT-EventQueue-0] INFO   cgdp.corealign.DomCluster clustid=2409, order=0, coreidx1=1088, coreidx2=1088
2024/12/17 08:41:21.670 [AWT-EventQueue-0] INFO   cgdp.corealign.DomCluster domNo=0, name=BN194_RS09060, spec=lcw
2024/12/17 08:41:21.670 [AWT-EventQueue-0] INFO   cgdp.corealign.DomCluster clustid=2409, order=0, coreidx1=1088, coreidx2=1088
2024/12/17 08:41:21.670 [AWT-EventQueue-0] INFO   cgdp.corealign.DomCluster domNo=0, name=LCA12A_RS07975, spec=lcx
2024/12/17 08:41:21.670 [AWT-EventQueue-0] INFO   cgdp.corealign.DomCluster clustid=2409, order=0, coreidx1=1088, coreidx2=1088
2024/12/17 08:41:21.670 [AWT-EventQueue-0] INFO   cgdp.corealign.Cluster Cluster id=286, name=286
2024/12/17 08:41:21.670 [AWT-EventQueue-0] INFO   cgdp.corealign.DomCluster domNo=0, name=LBCZ_RS08380, spec=gm04274
2024/12/17 08:41:21.670 [AWT-EventQueue-0] INFO   cgdp.corealign.DomCluster clustid=286, order=0, coreidx1=1190, coreidx2=1190
2024/12/17 08:41:21.670 [AWT-EventQueue-0] INFO   cgdp.corealign.DomCluster domNo=0, name=LCYAK_RS09320, spec=gm05061
2024/12/17 08:41:21.670 [AWT-EventQueue-0] INFO   cgdp.corealign.DomCluster clustid=286, order=0, coreidx1=1190, coreidx2=1190
2024/12/17 08:41:21.670 [AWT-EventQueue-0] INFO   cgdp.corealign.DomCluster domNo=0, name=LCACT_RS09500, spec=gm05066
2024/12/17 08:41:21.670 [AWT-EventQueue-0] INFO   cgdp.corealign.DomCluster clustid=286, order=0, coreidx1=1190, coreidx2=1190
2024/12/17 08:41:21.670 [AWT-EventQueue-0] INFO   cgdp.corealign.DomCluster domNo=0, name=BGL52_RS09055, spec=gm08549
2024/12/17 08:41:21.670 [AWT-EventQueue-0] INFO   cgdp.corealign.DomCluster clustid=286, order=0, coreidx1=1190, coreidx2=1190
2024/12/17 08:41:21.670 [AWT-EventQueue-0] INFO   cgdp.corealign.DomCluster domNo=0, name=DYY97_RS08350, spec=gm10478
2024/12/17 08:41:21.670 [AWT-EventQueue-0] INFO   cgdp.corealign.DomCluster clustid=286, order=0, coreidx1=1190, coreidx2=1190
2024/12/17 08:41:21.670 [AWT-EventQueue-0] INFO   cgdp.corealign.DomCluster domNo=0, name=LCABL_RS09580, spec=lcb
2024/12/17 08:41:21.670 [AWT-EventQueue-0] INFO   cgdp.corealign.DomCluster clustid=286, order=0, coreidx1=1190, coreidx2=1190
2024/12/17 08:41:21.670 [AWT-EventQueue-0] INFO   cgdp.corealign.DomCluster domNo=0, name=BN194_RS09615, spec=lcw
2024/12/17 08:41:21.670 [AWT-EventQueue-0] INFO   cgdp.corealign.DomCluster clustid=286, order=0, coreidx1=1190, coreidx2=1190
2024/12/17 08:41:21.670 [AWT-EventQueue-0] INFO   cgdp.corealign.DomCluster domNo=0, name=LCA12A_RS08520, spec=lcx
2024/12/17 08:41:21.670 [AWT-EventQueue-0] INFO   cgdp.corealign.DomCluster clustid=286, order=0, coreidx1=1190, coreidx2=1190
2024/12/17 08:41:21.670 [AWT-EventQueue-0] INFO   cgdp.corealign.Cluster Cluster id=2304, name=2304
2024/12/17 08:41:21.670 [AWT-EventQueue-0] INFO   cgdp.corealign.DomCluster domNo=0, name=LBCZ_RS07775, spec=gm04274
2024/12/17 08:41:21.670 [AWT-EventQueue-0] INFO   cgdp.corealign.DomCluster clustid=2304, order=0, coreidx1=1093, coreidx2=1093
2024/12/17 08:41:21.670 [AWT-EventQueue-0] INFO   cgdp.corealign.DomCluster domNo=0, name=LCYAK_RS08795, spec=gm05061
2024/12/17 08:41:21.670 [AWT-EventQueue-0] INFO   cgdp.corealign.DomCluster clustid=2304, order=0, coreidx1=1093, coreidx2=1093
2024/12/17 08:41:21.670 [AWT-EventQueue-0] INFO   cgdp.corealign.DomCluster domNo=0, name=LCACT_RS08975, spec=gm05066
2024/12/17 08:41:21.670 [AWT-EventQueue-0] INFO   cgdp.corealign.DomCluster clustid=2304, order=0, coreidx1=1093, coreidx2=1093
2024/12/17 08:41:21.670 [AWT-EventQueue-0] INFO   cgdp.corealign.DomCluster domNo=0, name=BGL52_RS08465, spec=gm08549
2024/12/17 08:41:21.670 [AWT-EventQueue-0] INFO   cgdp.corealign.DomCluster clustid=2304, order=0, coreidx1=1093, coreidx2=1093
2024/12/17 08:41:21.670 [AWT-EventQueue-0] INFO   cgdp.corealign.DomCluster domNo=0, name=DYY97_RS07805, spec=gm10478
2024/12/17 08:41:21.670 [AWT-EventQueue-0] INFO   cgdp.corealign.DomCluster clustid=2304, order=0, coreidx1=1093, coreidx2=1093
2024/12/17 08:41:21.670 [AWT-EventQueue-0] INFO   cgdp.corealign.DomCluster domNo=0, name=LCABL_RS09055, spec=lcb
2024/12/17 08:41:21.670 [AWT-EventQueue-0] INFO   cgdp.corealign.DomCluster clustid=2304, order=0, coreidx1=1093, coreidx2=1093
2024/12/17 08:41:21.670 [AWT-EventQueue-0] INFO   cgdp.corealign.DomCluster domNo=0, name=BN194_RS09085, spec=lcw
2024/12/17 08:41:21.670 [AWT-EventQueue-0] INFO   cgdp.corealign.DomCluster clustid=2304, order=0, coreidx1=1093, coreidx2=1093
2024/12/17 08:41:21.670 [AWT-EventQueue-0] INFO   cgdp.corealign.DomCluster domNo=0, name=LCA12A_RS08000, spec=lcx
2024/12/17 08:41:21.670 [AWT-EventQueue-0] INFO   cgdp.corealign.DomCluster clustid=2304, order=0, coreidx1=1093, coreidx2=1093
2024/12/17 08:41:21.670 [AWT-EventQueue-0] INFO   cgdp.corealign.Cluster Cluster id=552, name=552
2024/12/17 08:41:21.670 [AWT-EventQueue-0] INFO   cgdp.corealign.DomCluster domNo=0, name=LBCZ_RS07535, spec=gm04274
2024/12/17 08:41:21.670 [AWT-EventQueue-0] INFO   cgdp.corealign.DomCluster clustid=552, order=0, coreidx1=1045, coreidx2=1045
2024/12/17 08:41:21.670 [AWT-EventQueue-0] INFO   cgdp.corealign.DomCluster domNo=0, name=LCYAK_RS08555, spec=gm05061
2024/12/17 08:41:21.670 [AWT-EventQueue-0] INFO   cgdp.corealign.DomCluster clustid=552, order=0, coreidx1=1045, coreidx2=1045
2024/12/17 08:41:21.670 [AWT-EventQueue-0] INFO   cgdp.corealign.DomCluster domNo=0, name=LCACT_RS08735, spec=gm05066
2024/12/17 08:41:21.670 [AWT-EventQueue-0] INFO   cgdp.corealign.DomCluster clustid=552, order=0, coreidx1=1045, coreidx2=1045
2024/12/17 08:41:21.670 [AWT-EventQueue-0] INFO   cgdp.corealign.DomCluster domNo=0, name=BGL52_RS08210, spec=gm08549
2024/12/17 08:41:21.670 [AWT-EventQueue-0] INFO   cgdp.corealign.DomCluster clustid=552, order=0, coreidx1=1045, coreidx2=1045
2024/12/17 08:41:21.670 [AWT-EventQueue-0] INFO   cgdp.corealign.DomCluster domNo=0, name=DYY97_RS07555, spec=gm10478
2024/12/17 08:41:21.670 [AWT-EventQueue-0] INFO   cgdp.corealign.DomCluster clustid=552, order=0, coreidx1=1045, coreidx2=1045
2024/12/17 08:41:21.670 [AWT-EventQueue-0] INFO   cgdp.corealign.DomCluster domNo=0, name=LCABL_RS08815, spec=lcb
2024/12/17 08:41:21.670 [AWT-EventQueue-0] INFO   cgdp.corealign.DomCluster clustid=552, order=0, coreidx1=1045, coreidx2=1045
2024/12/17 08:41:21.670 [AWT-EventQueue-0] INFO   cgdp.corealign.DomCluster domNo=0, name=BN194_RS08835, spec=lcw
2024/12/17 08:41:21.670 [AWT-EventQueue-0] INFO   cgdp.corealign.DomCluster clustid=552, order=0, coreidx1=1045, coreidx2=1045
2024/12/17 08:41:21.670 [AWT-EventQueue-0] INFO   cgdp.corealign.DomCluster domNo=0, name=LCA12A_RS07765, spec=lcx
2024/12/17 08:41:21.670 [AWT-EventQueue-0] INFO   cgdp.corealign.DomCluster clustid=552, order=0, coreidx1=1045, coreidx2=1045
2024/12/17 08:41:21.670 [AWT-EventQueue-0] INFO   cgdp.corealign.Cluster Cluster id=809, name=809
2024/12/17 08:41:21.670 [AWT-EventQueue-0] INFO   cgdp.corealign.DomCluster domNo=0, name=LBCZ_RS08305, spec=gm04274
2024/12/17 08:41:21.670 [AWT-EventQueue-0] INFO   cgdp.corealign.DomCluster clustid=809, order=0, coreidx1=1177, coreidx2=1177
2024/12/17 08:41:21.670 [AWT-EventQueue-0] INFO   cgdp.corealign.DomCluster domNo=0, name=LCYAK_RS09250, spec=gm05061
2024/12/17 08:41:21.670 [AWT-EventQueue-0] INFO   cgdp.corealign.DomCluster clustid=809, order=0, coreidx1=1177, coreidx2=1177
2024/12/17 08:41:21.670 [AWT-EventQueue-0] INFO   cgdp.corealign.DomCluster domNo=0, name=LCACT_RS09430, spec=gm05066
2024/12/17 08:41:21.670 [AWT-EventQueue-0] INFO   cgdp.corealign.DomCluster clustid=809, order=0, coreidx1=1177, coreidx2=1177
2024/12/17 08:41:21.670 [AWT-EventQueue-0] INFO   cgdp.corealign.DomCluster domNo=0, name=BGL52_RS08970, spec=gm08549
2024/12/17 08:41:21.670 [AWT-EventQueue-0] INFO   cgdp.corealign.DomCluster clustid=809, order=0, coreidx1=1177, coreidx2=1177
2024/12/17 08:41:21.670 [AWT-EventQueue-0] INFO   cgdp.corealign.DomCluster domNo=0, name=DYY97_RS08280, spec=gm10478
2024/12/17 08:41:21.670 [AWT-EventQueue-0] INFO   cgdp.corealign.DomCluster clustid=809, order=0, coreidx1=1177, coreidx2=1177
2024/12/17 08:41:21.670 [AWT-EventQueue-0] INFO   cgdp.corealign.DomCluster domNo=0, name=LCABL_RS09510, spec=lcb
2024/12/17 08:41:21.670 [AWT-EventQueue-0] INFO   cgdp.corealign.DomCluster clustid=809, order=0, coreidx1=1177, coreidx2=1177
2024/12/17 08:41:21.670 [AWT-EventQueue-0] INFO   cgdp.corealign.DomCluster domNo=0, name=BN194_RS09545, spec=lcw
2024/12/17 08:41:21.671 [AWT-EventQueue-0] INFO   cgdp.corealign.DomCluster clustid=809, order=0, coreidx1=1177, coreidx2=1177
2024/12/17 08:41:21.671 [AWT-EventQueue-0] INFO   cgdp.corealign.DomCluster domNo=0, name=LCA12A_RS08450, spec=lcx
2024/12/17 08:41:21.671 [AWT-EventQueue-0] INFO   cgdp.corealign.DomCluster clustid=809, order=0, coreidx1=1177, coreidx2=1177
2024/12/17 08:41:21.671 [AWT-EventQueue-0] INFO   cgdp.corealign.Cluster Cluster id=823, name=823
2024/12/17 08:41:21.671 [AWT-EventQueue-0] INFO   cgdp.corealign.DomCluster domNo=0, name=LBCZ_RS08230, spec=gm04274
2024/12/17 08:41:21.671 [AWT-EventQueue-0] INFO   cgdp.corealign.DomCluster clustid=823, order=0, coreidx1=1163, coreidx2=1163
2024/12/17 08:41:21.671 [AWT-EventQueue-0] INFO   cgdp.corealign.DomCluster domNo=0, name=LCYAK_RS09180, spec=gm05061
2024/12/17 08:41:21.671 [AWT-EventQueue-0] INFO   cgdp.corealign.DomCluster clustid=823, order=0, coreidx1=1163, coreidx2=1163
2024/12/17 08:41:21.671 [AWT-EventQueue-0] INFO   cgdp.corealign.DomCluster domNo=0, name=LCACT_RS09360, spec=gm05066
2024/12/17 08:41:21.671 [AWT-EventQueue-0] INFO   cgdp.corealign.DomCluster clustid=823, order=0, coreidx1=1163, coreidx2=1163
2024/12/17 08:41:21.671 [AWT-EventQueue-0] INFO   cgdp.corealign.DomCluster domNo=0, name=BGL52_RS08895, spec=gm08549
2024/12/17 08:41:21.671 [AWT-EventQueue-0] INFO   cgdp.corealign.DomCluster clustid=823, order=0, coreidx1=1163, coreidx2=1163
2024/12/17 08:41:21.671 [AWT-EventQueue-0] INFO   cgdp.corealign.DomCluster domNo=0, name=DYY97_RS08205, spec=gm10478
2024/12/17 08:41:21.671 [AWT-EventQueue-0] INFO   cgdp.corealign.DomCluster clustid=823, order=0, coreidx1=1163, coreidx2=1163
2024/12/17 08:41:21.671 [AWT-EventQueue-0] INFO   cgdp.corealign.DomCluster domNo=0, name=LCABL_RS09440, spec=lcb
2024/12/17 08:41:21.671 [AWT-EventQueue-0] INFO   cgdp.corealign.DomCluster clustid=823, order=0, coreidx1=1163, coreidx2=1163
2024/12/17 08:41:21.671 [AWT-EventQueue-0] INFO   cgdp.corealign.DomCluster domNo=0, name=BN194_RS09475, spec=lcw
2024/12/17 08:41:21.671 [AWT-EventQueue-0] INFO   cgdp.corealign.DomCluster clustid=823, order=0, coreidx1=1163, coreidx2=1163
2024/12/17 08:41:21.671 [AWT-EventQueue-0] INFO   cgdp.corealign.DomCluster domNo=0, name=LCA12A_RS08380, spec=lcx
2024/12/17 08:41:21.671 [AWT-EventQueue-0] INFO   cgdp.corealign.DomCluster clustid=823, order=0, coreidx1=1163, coreidx2=1163
2024/12/17 08:41:21.671 [AWT-EventQueue-0] INFO   cgdp.corealign.Cluster Cluster id=2260, name=2260
2024/12/17 08:41:21.671 [AWT-EventQueue-0] INFO   cgdp.corealign.DomCluster domNo=0, name=LBCZ_RS07950, spec=gm04274
2024/12/17 08:41:21.671 [AWT-EventQueue-0] INFO   cgdp.corealign.DomCluster clustid=2260, order=0, coreidx1=1124, coreidx2=1124
2024/12/17 08:41:21.671 [AWT-EventQueue-0] INFO   cgdp.corealign.DomCluster domNo=0, name=LCYAK_RS08975, spec=gm05061
2024/12/17 08:41:21.671 [AWT-EventQueue-0] INFO   cgdp.corealign.DomCluster clustid=2260, order=0, coreidx1=1124, coreidx2=1124
2024/12/17 08:41:21.671 [AWT-EventQueue-0] INFO   cgdp.corealign.DomCluster domNo=0, name=LCACT_RS09155, spec=gm05066
2024/12/17 08:41:21.671 [AWT-EventQueue-0] INFO   cgdp.corealign.DomCluster clustid=2260, order=0, coreidx1=1124, coreidx2=1124
2024/12/17 08:41:21.671 [AWT-EventQueue-0] INFO   cgdp.corealign.DomCluster domNo=0, name=BGL52_RS08640, spec=gm08549
2024/12/17 08:41:21.671 [AWT-EventQueue-0] INFO   cgdp.corealign.DomCluster clustid=2260, order=0, coreidx1=1124, coreidx2=1124
2024/12/17 08:41:21.671 [AWT-EventQueue-0] INFO   cgdp.corealign.DomCluster domNo=0, name=DYY97_RS07980, spec=gm10478
2024/12/17 08:41:21.671 [AWT-EventQueue-0] INFO   cgdp.corealign.DomCluster clustid=2260, order=0, coreidx1=1124, coreidx2=1124
2024/12/17 08:41:21.671 [AWT-EventQueue-0] INFO   cgdp.corealign.DomCluster domNo=0, name=LCABL_RS09235, spec=lcb
2024/12/17 08:41:21.671 [AWT-EventQueue-0] INFO   cgdp.corealign.DomCluster clustid=2260, order=0, coreidx1=1124, coreidx2=1124
2024/12/17 08:41:21.671 [AWT-EventQueue-0] INFO   cgdp.corealign.DomCluster domNo=0, name=BN194_RS09270, spec=lcw
2024/12/17 08:41:21.671 [AWT-EventQueue-0] INFO   cgdp.corealign.DomCluster clustid=2260, order=0, coreidx1=1124, coreidx2=1124
2024/12/17 08:41:21.671 [AWT-EventQueue-0] INFO   cgdp.corealign.DomCluster domNo=0, name=LCA12A_RS08170, spec=lcx
2024/12/17 08:41:21.671 [AWT-EventQueue-0] INFO   cgdp.corealign.DomCluster clustid=2260, order=0, coreidx1=1124, coreidx2=1124
2024/12/17 08:41:21.671 [AWT-EventQueue-0] INFO   cgdp.corealign.Cluster Cluster id=889, name=889
2024/12/17 08:41:21.671 [AWT-EventQueue-0] INFO   cgdp.corealign.DomCluster domNo=0, name=LBCZ_RS07615, spec=gm04274
2024/12/17 08:41:21.671 [AWT-EventQueue-0] INFO   cgdp.corealign.DomCluster clustid=889, order=0, coreidx1=1060, coreidx2=1060
2024/12/17 08:41:21.671 [AWT-EventQueue-0] INFO   cgdp.corealign.DomCluster domNo=0, name=LCYAK_RS08630, spec=gm05061
2024/12/17 08:41:21.671 [AWT-EventQueue-0] INFO   cgdp.corealign.DomCluster clustid=889, order=0, coreidx1=1060, coreidx2=1060
2024/12/17 08:41:21.671 [AWT-EventQueue-0] INFO   cgdp.corealign.DomCluster domNo=0, name=LCACT_RS08810, spec=gm05066
2024/12/17 08:41:21.671 [AWT-EventQueue-0] INFO   cgdp.corealign.DomCluster clustid=889, order=0, coreidx1=1060, coreidx2=1060
2024/12/17 08:41:21.671 [AWT-EventQueue-0] INFO   cgdp.corealign.DomCluster domNo=0, name=BGL52_RS08295, spec=gm08549
2024/12/17 08:41:21.671 [AWT-EventQueue-0] INFO   cgdp.corealign.DomCluster clustid=889, order=0, coreidx1=1060, coreidx2=1060
2024/12/17 08:41:21.671 [AWT-EventQueue-0] INFO   cgdp.corealign.DomCluster domNo=0, name=DYY97_RS07635, spec=gm10478
2024/12/17 08:41:21.671 [AWT-EventQueue-0] INFO   cgdp.corealign.DomCluster clustid=889, order=0, coreidx1=1060, coreidx2=1060
2024/12/17 08:41:21.671 [AWT-EventQueue-0] INFO   cgdp.corealign.DomCluster domNo=0, name=LCABL_RS08890, spec=lcb
2024/12/17 08:41:21.671 [AWT-EventQueue-0] INFO   cgdp.corealign.DomCluster clustid=889, order=0, coreidx1=1060, coreidx2=1060
2024/12/17 08:41:21.671 [AWT-EventQueue-0] INFO   cgdp.corealign.DomCluster domNo=0, name=BN194_RS08910, spec=lcw
2024/12/17 08:41:21.671 [AWT-EventQueue-0] INFO   cgdp.corealign.DomCluster clustid=889, order=0, coreidx1=1060, coreidx2=1060
2024/12/17 08:41:21.671 [AWT-EventQueue-0] INFO   cgdp.corealign.DomCluster domNo=0, name=LCA12A_RS07840, spec=lcx
2024/12/17 08:41:21.671 [AWT-EventQueue-0] INFO   cgdp.corealign.DomCluster clustid=889, order=0, coreidx1=1060, coreidx2=1060
2024/12/17 08:41:21.671 [AWT-EventQueue-0] INFO   cgdp.corealign.Cluster Cluster id=1278, name=1278
2024/12/17 08:41:21.671 [AWT-EventQueue-0] INFO   cgdp.corealign.DomCluster domNo=0, name=LBCZ_RS07700, spec=gm04274
2024/12/17 08:41:21.671 [AWT-EventQueue-0] INFO   cgdp.corealign.DomCluster clustid=1278, order=0, coreidx1=1077, coreidx2=1077
2024/12/17 08:41:21.671 [AWT-EventQueue-0] INFO   cgdp.corealign.DomCluster domNo=0, name=LCYAK_RS08715, spec=gm05061
2024/12/17 08:41:21.671 [AWT-EventQueue-0] INFO   cgdp.corealign.DomCluster clustid=1278, order=0, coreidx1=1077, coreidx2=1077
2024/12/17 08:41:21.671 [AWT-EventQueue-0] INFO   cgdp.corealign.DomCluster domNo=0, name=LCACT_RS08895, spec=gm05066
2024/12/17 08:41:21.671 [AWT-EventQueue-0] INFO   cgdp.corealign.DomCluster clustid=1278, order=0, coreidx1=1077, coreidx2=1077
2024/12/17 08:41:21.671 [AWT-EventQueue-0] INFO   cgdp.corealign.DomCluster domNo=0, name=BGL52_RS08390, spec=gm08549
2024/12/17 08:41:21.671 [AWT-EventQueue-0] INFO   cgdp.corealign.DomCluster clustid=1278, order=0, coreidx1=1077, coreidx2=1077
2024/12/17 08:41:21.671 [AWT-EventQueue-0] INFO   cgdp.corealign.DomCluster domNo=0, name=DYY97_RS07730, spec=gm10478
2024/12/17 08:41:21.671 [AWT-EventQueue-0] INFO   cgdp.corealign.DomCluster clustid=1278, order=0, coreidx1=1077, coreidx2=1077
2024/12/17 08:41:21.671 [AWT-EventQueue-0] INFO   cgdp.corealign.DomCluster domNo=0, name=LCABL_RS08975, spec=lcb
2024/12/17 08:41:21.671 [AWT-EventQueue-0] INFO   cgdp.corealign.DomCluster clustid=1278, order=0, coreidx1=1077, coreidx2=1077
2024/12/17 08:41:21.671 [AWT-EventQueue-0] INFO   cgdp.corealign.DomCluster domNo=0, name=BN194_RS08995, spec=lcw
2024/12/17 08:41:21.671 [AWT-EventQueue-0] INFO   cgdp.corealign.DomCluster clustid=1278, order=0, coreidx1=1077, coreidx2=1077
2024/12/17 08:41:21.671 [AWT-EventQueue-0] INFO   cgdp.corealign.DomCluster domNo=0, name=LCA12A_RS07925, spec=lcx
2024/12/17 08:41:21.671 [AWT-EventQueue-0] INFO   cgdp.corealign.DomCluster clustid=1278, order=0, coreidx1=1077, coreidx2=1077
2024/12/17 08:41:21.671 [AWT-EventQueue-0] INFO   cgdp.corealign.Cluster Cluster id=2070, name=2070
2024/12/17 08:41:21.671 [AWT-EventQueue-0] INFO   cgdp.corealign.DomCluster domNo=0, name=LBCZ_RS07705, spec=gm04274
2024/12/17 08:41:21.671 [AWT-EventQueue-0] INFO   cgdp.corealign.DomCluster clustid=2070, order=0, coreidx1=1078, coreidx2=1078
2024/12/17 08:41:21.671 [AWT-EventQueue-0] INFO   cgdp.corealign.DomCluster domNo=0, name=LCYAK_RS08720, spec=gm05061
2024/12/17 08:41:21.671 [AWT-EventQueue-0] INFO   cgdp.corealign.DomCluster clustid=2070, order=0, coreidx1=1078, coreidx2=1078
2024/12/17 08:41:21.671 [AWT-EventQueue-0] INFO   cgdp.corealign.DomCluster domNo=0, name=LCACT_RS08900, spec=gm05066
2024/12/17 08:41:21.671 [AWT-EventQueue-0] INFO   cgdp.corealign.DomCluster clustid=2070, order=0, coreidx1=1078, coreidx2=1078
2024/12/17 08:41:21.671 [AWT-EventQueue-0] INFO   cgdp.corealign.DomCluster domNo=0, name=BGL52_RS08395, spec=gm08549
2024/12/17 08:41:21.671 [AWT-EventQueue-0] INFO   cgdp.corealign.DomCluster clustid=2070, order=0, coreidx1=1078, coreidx2=1078
2024/12/17 08:41:21.671 [AWT-EventQueue-0] INFO   cgdp.corealign.DomCluster domNo=0, name=DYY97_RS07735, spec=gm10478
2024/12/17 08:41:21.671 [AWT-EventQueue-0] INFO   cgdp.corealign.DomCluster clustid=2070, order=0, coreidx1=1078, coreidx2=1078
2024/12/17 08:41:21.671 [AWT-EventQueue-0] INFO   cgdp.corealign.DomCluster domNo=0, name=LCABL_RS08980, spec=lcb
2024/12/17 08:41:21.671 [AWT-EventQueue-0] INFO   cgdp.corealign.DomCluster clustid=2070, order=0, coreidx1=1078, coreidx2=1078
2024/12/17 08:41:21.671 [AWT-EventQueue-0] INFO   cgdp.corealign.DomCluster domNo=0, name=BN194_RS09000, spec=lcw
2024/12/17 08:41:21.671 [AWT-EventQueue-0] INFO   cgdp.corealign.DomCluster clustid=2070, order=0, coreidx1=1078, coreidx2=1078
2024/12/17 08:41:21.671 [AWT-EventQueue-0] INFO   cgdp.corealign.DomCluster domNo=0, name=LCA12A_RS07930, spec=lcx
2024/12/17 08:41:21.671 [AWT-EventQueue-0] INFO   cgdp.corealign.DomCluster clustid=2070, order=0, coreidx1=1078, coreidx2=1078
2024/12/17 08:41:21.671 [AWT-EventQueue-0] INFO   cgdp.corealign.Cluster Cluster id=1612, name=1612
2024/12/17 08:41:21.671 [AWT-EventQueue-0] INFO   cgdp.corealign.DomCluster domNo=0, name=LBCZ_RS08015, spec=gm04274
2024/12/17 08:41:21.671 [AWT-EventQueue-0] INFO   cgdp.corealign.DomCluster clustid=1612, order=0, coreidx1=1136, coreidx2=1136
2024/12/17 08:41:21.671 [AWT-EventQueue-0] INFO   cgdp.corealign.DomCluster domNo=0, name=LCYAK_RS09040, spec=gm05061
2024/12/17 08:41:21.671 [AWT-EventQueue-0] INFO   cgdp.corealign.DomCluster clustid=1612, order=0, coreidx1=1136, coreidx2=1136
2024/12/17 08:41:21.671 [AWT-EventQueue-0] INFO   cgdp.corealign.DomCluster domNo=0, name=LCACT_RS09220, spec=gm05066
2024/12/17 08:41:21.671 [AWT-EventQueue-0] INFO   cgdp.corealign.DomCluster clustid=1612, order=0, coreidx1=1136, coreidx2=1136
2024/12/17 08:41:21.671 [AWT-EventQueue-0] INFO   cgdp.corealign.DomCluster domNo=0, name=BGL52_RS08700, spec=gm08549
2024/12/17 08:41:21.671 [AWT-EventQueue-0] INFO   cgdp.corealign.DomCluster clustid=1612, order=0, coreidx1=1136, coreidx2=1136
2024/12/17 08:41:21.671 [AWT-EventQueue-0] INFO   cgdp.corealign.DomCluster domNo=0, name=DYY97_RS08040, spec=gm10478
2024/12/17 08:41:21.671 [AWT-EventQueue-0] INFO   cgdp.corealign.DomCluster clustid=1612, order=0, coreidx1=1136, coreidx2=1136
2024/12/17 08:41:21.671 [AWT-EventQueue-0] INFO   cgdp.corealign.DomCluster domNo=0, name=LCABL_RS09300, spec=lcb
2024/12/17 08:41:21.671 [AWT-EventQueue-0] INFO   cgdp.corealign.DomCluster clustid=1612, order=0, coreidx1=1136, coreidx2=1136
2024/12/17 08:41:21.671 [AWT-EventQueue-0] INFO   cgdp.corealign.DomCluster domNo=0, name=BN194_RS09335, spec=lcw
2024/12/17 08:41:21.671 [AWT-EventQueue-0] INFO   cgdp.corealign.DomCluster clustid=1612, order=0, coreidx1=1136, coreidx2=1136
2024/12/17 08:41:21.671 [AWT-EventQueue-0] INFO   cgdp.corealign.DomCluster domNo=0, name=LCA12A_RS08240, spec=lcx
2024/12/17 08:41:21.672 [AWT-EventQueue-0] INFO   cgdp.corealign.DomCluster clustid=1612, order=0, coreidx1=1136, coreidx2=1136
2024/12/17 08:41:21.672 [AWT-EventQueue-0] INFO   cgdp.corealign.Cluster Cluster id=1971, name=1971
2024/12/17 08:41:21.672 [AWT-EventQueue-0] INFO   cgdp.corealign.DomCluster domNo=0, name=LBCZ_RS07530, spec=gm04274
2024/12/17 08:41:21.672 [AWT-EventQueue-0] INFO   cgdp.corealign.DomCluster clustid=1971, order=0, coreidx1=1044, coreidx2=1044
2024/12/17 08:41:21.672 [AWT-EventQueue-0] INFO   cgdp.corealign.DomCluster domNo=0, name=LCYAK_RS08550, spec=gm05061
2024/12/17 08:41:21.672 [AWT-EventQueue-0] INFO   cgdp.corealign.DomCluster clustid=1971, order=0, coreidx1=1044, coreidx2=1044
2024/12/17 08:41:21.672 [AWT-EventQueue-0] INFO   cgdp.corealign.DomCluster domNo=0, name=LCACT_RS08730, spec=gm05066
2024/12/17 08:41:21.672 [AWT-EventQueue-0] INFO   cgdp.corealign.DomCluster clustid=1971, order=0, coreidx1=1044, coreidx2=1044
2024/12/17 08:41:21.672 [AWT-EventQueue-0] INFO   cgdp.corealign.DomCluster domNo=0, name=BGL52_RS08205, spec=gm08549
2024/12/17 08:41:21.672 [AWT-EventQueue-0] INFO   cgdp.corealign.DomCluster clustid=1971, order=0, coreidx1=1044, coreidx2=1044
2024/12/17 08:41:21.672 [AWT-EventQueue-0] INFO   cgdp.corealign.DomCluster domNo=0, name=DYY97_RS07550, spec=gm10478
2024/12/17 08:41:21.672 [AWT-EventQueue-0] INFO   cgdp.corealign.DomCluster clustid=1971, order=0, coreidx1=1044, coreidx2=1044
2024/12/17 08:41:21.672 [AWT-EventQueue-0] INFO   cgdp.corealign.DomCluster domNo=0, name=LCABL_RS08810, spec=lcb
2024/12/17 08:41:21.672 [AWT-EventQueue-0] INFO   cgdp.corealign.DomCluster clustid=1971, order=0, coreidx1=1044, coreidx2=1044
2024/12/17 08:41:21.672 [AWT-EventQueue-0] INFO   cgdp.corealign.DomCluster domNo=0, name=BN194_RS08830, spec=lcw
2024/12/17 08:41:21.672 [AWT-EventQueue-0] INFO   cgdp.corealign.DomCluster clustid=1971, order=0, coreidx1=1044, coreidx2=1044
2024/12/17 08:41:21.672 [AWT-EventQueue-0] INFO   cgdp.corealign.DomCluster domNo=0, name=LCA12A_RS07760, spec=lcx
2024/12/17 08:41:21.672 [AWT-EventQueue-0] INFO   cgdp.corealign.DomCluster clustid=1971, order=0, coreidx1=1044, coreidx2=1044
2024/12/17 08:41:21.672 [AWT-EventQueue-0] INFO   cgdp.corealign.Cluster Cluster id=888, name=888
2024/12/17 08:41:21.672 [AWT-EventQueue-0] INFO   cgdp.corealign.DomCluster domNo=0, name=LBCZ_RS07595, spec=gm04274
2024/12/17 08:41:21.672 [AWT-EventQueue-0] INFO   cgdp.corealign.DomCluster clustid=888, order=0, coreidx1=1057, coreidx2=1057
2024/12/17 08:41:21.672 [AWT-EventQueue-0] INFO   cgdp.corealign.DomCluster domNo=0, name=LCYAK_RS08615, spec=gm05061
2024/12/17 08:41:21.672 [AWT-EventQueue-0] INFO   cgdp.corealign.DomCluster clustid=888, order=0, coreidx1=1057, coreidx2=1057
2024/12/17 08:41:21.672 [AWT-EventQueue-0] INFO   cgdp.corealign.DomCluster domNo=0, name=LCACT_RS08795, spec=gm05066
2024/12/17 08:41:21.672 [AWT-EventQueue-0] INFO   cgdp.corealign.DomCluster clustid=888, order=0, coreidx1=1057, coreidx2=1057
2024/12/17 08:41:21.672 [AWT-EventQueue-0] INFO   cgdp.corealign.DomCluster domNo=0, name=BGL52_RS08275, spec=gm08549
2024/12/17 08:41:21.672 [AWT-EventQueue-0] INFO   cgdp.corealign.DomCluster clustid=888, order=0, coreidx1=1057, coreidx2=1057
2024/12/17 08:41:21.672 [AWT-EventQueue-0] INFO   cgdp.corealign.DomCluster domNo=0, name=DYY97_RS07615, spec=gm10478
2024/12/17 08:41:21.672 [AWT-EventQueue-0] INFO   cgdp.corealign.DomCluster clustid=888, order=0, coreidx1=1057, coreidx2=1057
2024/12/17 08:41:21.672 [AWT-EventQueue-0] INFO   cgdp.corealign.DomCluster domNo=0, name=LCABL_RS08875, spec=lcb
2024/12/17 08:41:21.672 [AWT-EventQueue-0] INFO   cgdp.corealign.DomCluster clustid=888, order=0, coreidx1=1057, coreidx2=1057
2024/12/17 08:41:21.672 [AWT-EventQueue-0] INFO   cgdp.corealign.DomCluster domNo=0, name=BN194_RS08895, spec=lcw
2024/12/17 08:41:21.672 [AWT-EventQueue-0] INFO   cgdp.corealign.DomCluster clustid=888, order=0, coreidx1=1057, coreidx2=1057
2024/12/17 08:41:21.672 [AWT-EventQueue-0] INFO   cgdp.corealign.DomCluster domNo=0, name=LCA12A_RS07825, spec=lcx
2024/12/17 08:41:21.672 [AWT-EventQueue-0] INFO   cgdp.corealign.DomCluster clustid=888, order=0, coreidx1=1057, coreidx2=1057
2024/12/17 08:41:21.672 [AWT-EventQueue-0] INFO   cgdp.corealign.Cluster Cluster id=2202, name=2202
2024/12/17 08:41:21.672 [AWT-EventQueue-0] INFO   cgdp.corealign.DomCluster domNo=0, name=LBCZ_RS08255, spec=gm04274
2024/12/17 08:41:21.672 [AWT-EventQueue-0] INFO   cgdp.corealign.DomCluster clustid=2202, order=0, coreidx1=1168, coreidx2=1168
2024/12/17 08:41:21.672 [AWT-EventQueue-0] INFO   cgdp.corealign.DomCluster domNo=0, name=LCYAK_RS09205, spec=gm05061
2024/12/17 08:41:21.672 [AWT-EventQueue-0] INFO   cgdp.corealign.DomCluster clustid=2202, order=0, coreidx1=1168, coreidx2=1168
2024/12/17 08:41:21.672 [AWT-EventQueue-0] INFO   cgdp.corealign.DomCluster domNo=0, name=LCACT_RS09385, spec=gm05066
2024/12/17 08:41:21.672 [AWT-EventQueue-0] INFO   cgdp.corealign.DomCluster clustid=2202, order=0, coreidx1=1168, coreidx2=1168
2024/12/17 08:41:21.672 [AWT-EventQueue-0] INFO   cgdp.corealign.DomCluster domNo=0, name=BGL52_RS08925, spec=gm08549
2024/12/17 08:41:21.672 [AWT-EventQueue-0] INFO   cgdp.corealign.DomCluster clustid=2202, order=0, coreidx1=1168, coreidx2=1168
2024/12/17 08:41:21.672 [AWT-EventQueue-0] INFO   cgdp.corealign.DomCluster domNo=0, name=DYY97_RS08235, spec=gm10478
2024/12/17 08:41:21.672 [AWT-EventQueue-0] INFO   cgdp.corealign.DomCluster clustid=2202, order=0, coreidx1=1168, coreidx2=1168
2024/12/17 08:41:21.672 [AWT-EventQueue-0] INFO   cgdp.corealign.DomCluster domNo=0, name=LCABL_RS09465, spec=lcb
2024/12/17 08:41:21.672 [AWT-EventQueue-0] INFO   cgdp.corealign.DomCluster clustid=2202, order=0, coreidx1=1168, coreidx2=1168
2024/12/17 08:41:21.672 [AWT-EventQueue-0] INFO   cgdp.corealign.DomCluster domNo=0, name=BN194_RS09500, spec=lcw
2024/12/17 08:41:21.672 [AWT-EventQueue-0] INFO   cgdp.corealign.DomCluster clustid=2202, order=0, coreidx1=1168, coreidx2=1168
2024/12/17 08:41:21.672 [AWT-EventQueue-0] INFO   cgdp.corealign.DomCluster domNo=0, name=LCA12A_RS08405, spec=lcx
2024/12/17 08:41:21.672 [AWT-EventQueue-0] INFO   cgdp.corealign.DomCluster clustid=2202, order=0, coreidx1=1168, coreidx2=1168
2024/12/17 08:41:21.672 [AWT-EventQueue-0] INFO   cgdp.corealign.Cluster Cluster id=2449, name=2449
2024/12/17 08:41:21.672 [AWT-EventQueue-0] INFO   cgdp.corealign.DomCluster domNo=0, name=LBCZ_RS07840, spec=gm04274
2024/12/17 08:41:21.672 [AWT-EventQueue-0] INFO   cgdp.corealign.DomCluster clustid=2449, order=0, coreidx1=1104, coreidx2=1104
2024/12/17 08:41:21.672 [AWT-EventQueue-0] INFO   cgdp.corealign.DomCluster domNo=0, name=LCYAK_RS08860, spec=gm05061
2024/12/17 08:41:21.672 [AWT-EventQueue-0] INFO   cgdp.corealign.DomCluster clustid=2449, order=0, coreidx1=1104, coreidx2=1104
2024/12/17 08:41:21.672 [AWT-EventQueue-0] INFO   cgdp.corealign.DomCluster domNo=0, name=LCACT_RS09040, spec=gm05066
2024/12/17 08:41:21.672 [AWT-EventQueue-0] INFO   cgdp.corealign.DomCluster clustid=2449, order=0, coreidx1=1104, coreidx2=1104
2024/12/17 08:41:21.672 [AWT-EventQueue-0] INFO   cgdp.corealign.DomCluster domNo=0, name=BGL52_RS08535, spec=gm08549
2024/12/17 08:41:21.672 [AWT-EventQueue-0] INFO   cgdp.corealign.DomCluster clustid=2449, order=0, coreidx1=1104, coreidx2=1104
2024/12/17 08:41:21.672 [AWT-EventQueue-0] INFO   cgdp.corealign.DomCluster domNo=0, name=DYY97_RS07875, spec=gm10478
2024/12/17 08:41:21.672 [AWT-EventQueue-0] INFO   cgdp.corealign.DomCluster clustid=2449, order=0, coreidx1=1104, coreidx2=1104
2024/12/17 08:41:21.672 [AWT-EventQueue-0] INFO   cgdp.corealign.DomCluster domNo=0, name=LCABL_RS09120, spec=lcb
2024/12/17 08:41:21.672 [AWT-EventQueue-0] INFO   cgdp.corealign.DomCluster clustid=2449, order=0, coreidx1=1104, coreidx2=1104
2024/12/17 08:41:21.672 [AWT-EventQueue-0] INFO   cgdp.corealign.DomCluster domNo=0, name=BN194_RS09150, spec=lcw
2024/12/17 08:41:21.672 [AWT-EventQueue-0] INFO   cgdp.corealign.DomCluster clustid=2449, order=0, coreidx1=1104, coreidx2=1104
2024/12/17 08:41:21.672 [AWT-EventQueue-0] INFO   cgdp.corealign.DomCluster domNo=0, name=LCA12A_RS08065, spec=lcx
2024/12/17 08:41:21.672 [AWT-EventQueue-0] INFO   cgdp.corealign.DomCluster clustid=2449, order=0, coreidx1=1104, coreidx2=1104
2024/12/17 08:41:21.672 [AWT-EventQueue-0] INFO   cgdp.corealign.Cluster Cluster id=2175, name=2175
2024/12/17 08:41:21.672 [AWT-EventQueue-0] INFO   cgdp.corealign.DomCluster domNo=0, name=LBCZ_RS08330, spec=gm04274
2024/12/17 08:41:21.672 [AWT-EventQueue-0] INFO   cgdp.corealign.DomCluster clustid=2175, order=0, coreidx1=1181, coreidx2=1181
2024/12/17 08:41:21.672 [AWT-EventQueue-0] INFO   cgdp.corealign.DomCluster domNo=0, name=LCYAK_RS09275, spec=gm05061
2024/12/17 08:41:21.672 [AWT-EventQueue-0] INFO   cgdp.corealign.DomCluster clustid=2175, order=0, coreidx1=1181, coreidx2=1181
2024/12/17 08:41:21.672 [AWT-EventQueue-0] INFO   cgdp.corealign.DomCluster domNo=0, name=LCACT_RS09455, spec=gm05066
2024/12/17 08:41:21.672 [AWT-EventQueue-0] INFO   cgdp.corealign.DomCluster clustid=2175, order=0, coreidx1=1181, coreidx2=1181
2024/12/17 08:41:21.672 [AWT-EventQueue-0] INFO   cgdp.corealign.DomCluster domNo=0, name=BGL52_RS08995, spec=gm08549
2024/12/17 08:41:21.672 [AWT-EventQueue-0] INFO   cgdp.corealign.DomCluster clustid=2175, order=0, coreidx1=1181, coreidx2=1181
2024/12/17 08:41:21.672 [AWT-EventQueue-0] INFO   cgdp.corealign.DomCluster domNo=0, name=DYY97_RS08305, spec=gm10478
2024/12/17 08:41:21.672 [AWT-EventQueue-0] INFO   cgdp.corealign.DomCluster clustid=2175, order=0, coreidx1=1181, coreidx2=1181
2024/12/17 08:41:21.672 [AWT-EventQueue-0] INFO   cgdp.corealign.DomCluster domNo=0, name=LCABL_RS09535, spec=lcb
2024/12/17 08:41:21.672 [AWT-EventQueue-0] INFO   cgdp.corealign.DomCluster clustid=2175, order=0, coreidx1=1181, coreidx2=1181
2024/12/17 08:41:21.672 [AWT-EventQueue-0] INFO   cgdp.corealign.DomCluster domNo=0, name=BN194_RS09570, spec=lcw
2024/12/17 08:41:21.672 [AWT-EventQueue-0] INFO   cgdp.corealign.DomCluster clustid=2175, order=0, coreidx1=1181, coreidx2=1181
2024/12/17 08:41:21.672 [AWT-EventQueue-0] INFO   cgdp.corealign.DomCluster domNo=0, name=LCA12A_RS08475, spec=lcx
2024/12/17 08:41:21.672 [AWT-EventQueue-0] INFO   cgdp.corealign.DomCluster clustid=2175, order=0, coreidx1=1181, coreidx2=1181
2024/12/17 08:41:21.672 [AWT-EventQueue-0] INFO   cgdp.corealign.Cluster Cluster id=1602, name=1602
2024/12/17 08:41:21.672 [AWT-EventQueue-0] INFO   cgdp.corealign.DomCluster domNo=0, name=LBCZ_RS08070, spec=gm04274
2024/12/17 08:41:21.673 [AWT-EventQueue-0] INFO   cgdp.corealign.DomCluster clustid=1602, order=0, coreidx1=1147, coreidx2=1147
2024/12/17 08:41:21.673 [AWT-EventQueue-0] INFO   cgdp.corealign.DomCluster domNo=0, name=LCYAK_RS09095, spec=gm05061
2024/12/17 08:41:21.673 [AWT-EventQueue-0] INFO   cgdp.corealign.DomCluster clustid=1602, order=0, coreidx1=1147, coreidx2=1147
2024/12/17 08:41:21.673 [AWT-EventQueue-0] INFO   cgdp.corealign.DomCluster domNo=0, name=LCACT_RS09275, spec=gm05066
2024/12/17 08:41:21.673 [AWT-EventQueue-0] INFO   cgdp.corealign.DomCluster clustid=1602, order=0, coreidx1=1147, coreidx2=1147
2024/12/17 08:41:21.673 [AWT-EventQueue-0] INFO   cgdp.corealign.DomCluster domNo=0, name=BGL52_RS08755, spec=gm08549
2024/12/17 08:41:21.673 [AWT-EventQueue-0] INFO   cgdp.corealign.DomCluster clustid=1602, order=0, coreidx1=1147, coreidx2=1147
2024/12/17 08:41:21.673 [AWT-EventQueue-0] INFO   cgdp.corealign.DomCluster domNo=0, name=DYY97_RS08095, spec=gm10478
2024/12/17 08:41:21.673 [AWT-EventQueue-0] INFO   cgdp.corealign.DomCluster clustid=1602, order=0, coreidx1=1147, coreidx2=1147
2024/12/17 08:41:21.673 [AWT-EventQueue-0] INFO   cgdp.corealign.DomCluster domNo=0, name=LCABL_RS09355, spec=lcb
2024/12/17 08:41:21.673 [AWT-EventQueue-0] INFO   cgdp.corealign.DomCluster clustid=1602, order=0, coreidx1=1147, coreidx2=1147
2024/12/17 08:41:21.673 [AWT-EventQueue-0] INFO   cgdp.corealign.DomCluster domNo=0, name=BN194_RS09390, spec=lcw
2024/12/17 08:41:21.673 [AWT-EventQueue-0] INFO   cgdp.corealign.DomCluster clustid=1602, order=0, coreidx1=1147, coreidx2=1147
2024/12/17 08:41:21.673 [AWT-EventQueue-0] INFO   cgdp.corealign.DomCluster domNo=0, name=LCA12A_RS08295, spec=lcx
2024/12/17 08:41:21.673 [AWT-EventQueue-0] INFO   cgdp.corealign.DomCluster clustid=1602, order=0, coreidx1=1147, coreidx2=1147
2024/12/17 08:41:21.673 [AWT-EventQueue-0] INFO   cgdp.corealign.Cluster Cluster id=2141, name=2141
2024/12/17 08:41:21.673 [AWT-EventQueue-0] INFO   cgdp.corealign.DomCluster domNo=0, name=LBCZ_RS07715, spec=gm04274
2024/12/17 08:41:21.673 [AWT-EventQueue-0] INFO   cgdp.corealign.DomCluster clustid=2141, order=0, coreidx1=1080, coreidx2=1080
2024/12/17 08:41:21.673 [AWT-EventQueue-0] INFO   cgdp.corealign.DomCluster domNo=0, name=LCYAK_RS08730, spec=gm05061
2024/12/17 08:41:21.673 [AWT-EventQueue-0] INFO   cgdp.corealign.DomCluster clustid=2141, order=0, coreidx1=1080, coreidx2=1080
2024/12/17 08:41:21.673 [AWT-EventQueue-0] INFO   cgdp.corealign.DomCluster domNo=0, name=LCACT_RS08910, spec=gm05066
2024/12/17 08:41:21.673 [AWT-EventQueue-0] INFO   cgdp.corealign.DomCluster clustid=2141, order=0, coreidx1=1080, coreidx2=1080
2024/12/17 08:41:21.673 [AWT-EventQueue-0] INFO   cgdp.corealign.DomCluster domNo=0, name=BGL52_RS08405, spec=gm08549
2024/12/17 08:41:21.673 [AWT-EventQueue-0] INFO   cgdp.corealign.DomCluster clustid=2141, order=0, coreidx1=1080, coreidx2=1080
2024/12/17 08:41:21.673 [AWT-EventQueue-0] INFO   cgdp.corealign.DomCluster domNo=0, name=DYY97_RS07745, spec=gm10478
2024/12/17 08:41:21.673 [AWT-EventQueue-0] INFO   cgdp.corealign.DomCluster clustid=2141, order=0, coreidx1=1080, coreidx2=1080
2024/12/17 08:41:21.673 [AWT-EventQueue-0] INFO   cgdp.corealign.DomCluster domNo=0, name=LCABL_RS08990, spec=lcb
2024/12/17 08:41:21.673 [AWT-EventQueue-0] INFO   cgdp.corealign.DomCluster clustid=2141, order=0, coreidx1=1080, coreidx2=1080
2024/12/17 08:41:21.673 [AWT-EventQueue-0] INFO   cgdp.corealign.DomCluster domNo=0, name=BN194_RS09015, spec=lcw
2024/12/17 08:41:21.673 [AWT-EventQueue-0] INFO   cgdp.corealign.DomCluster clustid=2141, order=0, coreidx1=1080, coreidx2=1080
2024/12/17 08:41:21.673 [AWT-EventQueue-0] INFO   cgdp.corealign.DomCluster domNo=0, name=LCA12A_RS07940, spec=lcx
2024/12/17 08:41:21.673 [AWT-EventQueue-0] INFO   cgdp.corealign.DomCluster clustid=2141, order=0, coreidx1=1080, coreidx2=1080
2024/12/17 08:41:21.673 [AWT-EventQueue-0] INFO   cgdp.corealign.Cluster Cluster id=1552, name=1552
2024/12/17 08:41:21.673 [AWT-EventQueue-0] INFO   cgdp.corealign.DomCluster domNo=0, name=LBCZ_RS07815, spec=gm04274
2024/12/17 08:41:21.673 [AWT-EventQueue-0] INFO   cgdp.corealign.DomCluster clustid=1552, order=0, coreidx1=1101, coreidx2=1101
2024/12/17 08:41:21.673 [AWT-EventQueue-0] INFO   cgdp.corealign.DomCluster domNo=0, name=LCYAK_RS08835, spec=gm05061
2024/12/17 08:41:21.673 [AWT-EventQueue-0] INFO   cgdp.corealign.DomCluster clustid=1552, order=0, coreidx1=1101, coreidx2=1101
2024/12/17 08:41:21.673 [AWT-EventQueue-0] INFO   cgdp.corealign.DomCluster domNo=0, name=LCACT_RS09015, spec=gm05066
2024/12/17 08:41:21.673 [AWT-EventQueue-0] INFO   cgdp.corealign.DomCluster clustid=1552, order=0, coreidx1=1101, coreidx2=1101
2024/12/17 08:41:21.673 [AWT-EventQueue-0] INFO   cgdp.corealign.DomCluster domNo=0, name=BGL52_RS08505, spec=gm08549
2024/12/17 08:41:21.673 [AWT-EventQueue-0] INFO   cgdp.corealign.DomCluster clustid=1552, order=0, coreidx1=1101, coreidx2=1101
2024/12/17 08:41:21.673 [AWT-EventQueue-0] INFO   cgdp.corealign.DomCluster domNo=0, name=DYY97_RS07845, spec=gm10478
2024/12/17 08:41:21.673 [AWT-EventQueue-0] INFO   cgdp.corealign.DomCluster clustid=1552, order=0, coreidx1=1101, coreidx2=1101
2024/12/17 08:41:21.673 [AWT-EventQueue-0] INFO   cgdp.corealign.DomCluster domNo=0, name=LCABL_RS09095, spec=lcb
2024/12/17 08:41:21.673 [AWT-EventQueue-0] INFO   cgdp.corealign.DomCluster clustid=1552, order=0, coreidx1=1101, coreidx2=1101
2024/12/17 08:41:21.673 [AWT-EventQueue-0] INFO   cgdp.corealign.DomCluster domNo=0, name=BN194_RS09125, spec=lcw
2024/12/17 08:41:21.673 [AWT-EventQueue-0] INFO   cgdp.corealign.DomCluster clustid=1552, order=0, coreidx1=1101, coreidx2=1101
2024/12/17 08:41:21.673 [AWT-EventQueue-0] INFO   cgdp.corealign.DomCluster domNo=0, name=LCA12A_RS08040, spec=lcx
2024/12/17 08:41:21.673 [AWT-EventQueue-0] INFO   cgdp.corealign.DomCluster clustid=1552, order=0, coreidx1=1101, coreidx2=1101
2024/12/17 08:41:21.673 [AWT-EventQueue-0] INFO   cgdp.corealign.Cluster Cluster id=2583, name=2583
2024/12/17 08:41:21.673 [AWT-EventQueue-0] INFO   cgdp.corealign.DomCluster domNo=0, name=LBCZ_RS08000, spec=gm04274
2024/12/17 08:41:21.673 [AWT-EventQueue-0] INFO   cgdp.corealign.DomCluster clustid=2583, order=0, coreidx1=1133, coreidx2=1133
2024/12/17 08:41:21.673 [AWT-EventQueue-0] INFO   cgdp.corealign.DomCluster domNo=0, name=LCYAK_RS09025, spec=gm05061
2024/12/17 08:41:21.673 [AWT-EventQueue-0] INFO   cgdp.corealign.DomCluster clustid=2583, order=0, coreidx1=1133, coreidx2=1133
2024/12/17 08:41:21.673 [AWT-EventQueue-0] INFO   cgdp.corealign.DomCluster domNo=0, name=LCACT_RS09205, spec=gm05066
2024/12/17 08:41:21.673 [AWT-EventQueue-0] INFO   cgdp.corealign.DomCluster clustid=2583, order=0, coreidx1=1133, coreidx2=1133
2024/12/17 08:41:21.673 [AWT-EventQueue-0] INFO   cgdp.corealign.DomCluster domNo=0, name=BGL52_RS08685, spec=gm08549
2024/12/17 08:41:21.673 [AWT-EventQueue-0] INFO   cgdp.corealign.DomCluster clustid=2583, order=0, coreidx1=1133, coreidx2=1133
2024/12/17 08:41:21.673 [AWT-EventQueue-0] INFO   cgdp.corealign.DomCluster domNo=0, name=DYY97_RS08025, spec=gm10478
2024/12/17 08:41:21.673 [AWT-EventQueue-0] INFO   cgdp.corealign.DomCluster clustid=2583, order=0, coreidx1=1133, coreidx2=1133
2024/12/17 08:41:21.673 [AWT-EventQueue-0] INFO   cgdp.corealign.DomCluster domNo=0, name=LCABL_RS09285, spec=lcb
2024/12/17 08:41:21.673 [AWT-EventQueue-0] INFO   cgdp.corealign.DomCluster clustid=2583, order=0, coreidx1=1133, coreidx2=1133
2024/12/17 08:41:21.673 [AWT-EventQueue-0] INFO   cgdp.corealign.DomCluster domNo=0, name=LCA12A_RS08225, spec=lcx
2024/12/17 08:41:21.673 [AWT-EventQueue-0] INFO   cgdp.corealign.DomCluster clustid=2583, order=0, coreidx1=1133, coreidx2=1133
2024/12/17 08:41:21.673 [AWT-EventQueue-0] INFO   cgdp.corealign.Cluster Cluster id=2057, name=2057
2024/12/17 08:41:21.673 [AWT-EventQueue-0] INFO   cgdp.corealign.DomCluster domNo=0, name=LBCZ_RS07495, spec=gm04274
2024/12/17 08:41:21.673 [AWT-EventQueue-0] INFO   cgdp.corealign.DomCluster clustid=2057, order=0, coreidx1=1037, coreidx2=1037
2024/12/17 08:41:21.673 [AWT-EventQueue-0] INFO   cgdp.corealign.DomCluster domNo=0, name=LCYAK_RS08515, spec=gm05061
2024/12/17 08:41:21.673 [AWT-EventQueue-0] INFO   cgdp.corealign.DomCluster clustid=2057, order=0, coreidx1=1037, coreidx2=1037
2024/12/17 08:41:21.673 [AWT-EventQueue-0] INFO   cgdp.corealign.DomCluster domNo=0, name=LCACT_RS08695, spec=gm05066
2024/12/17 08:41:21.673 [AWT-EventQueue-0] INFO   cgdp.corealign.DomCluster clustid=2057, order=0, coreidx1=1037, coreidx2=1037
2024/12/17 08:41:21.673 [AWT-EventQueue-0] INFO   cgdp.corealign.DomCluster domNo=0, name=BGL52_RS08170, spec=gm08549
2024/12/17 08:41:21.673 [AWT-EventQueue-0] INFO   cgdp.corealign.DomCluster clustid=2057, order=0, coreidx1=1037, coreidx2=1037
2024/12/17 08:41:21.673 [AWT-EventQueue-0] INFO   cgdp.corealign.DomCluster domNo=0, name=DYY97_RS07510, spec=gm10478
2024/12/17 08:41:21.673 [AWT-EventQueue-0] INFO   cgdp.corealign.DomCluster clustid=2057, order=0, coreidx1=1037, coreidx2=1037
2024/12/17 08:41:21.673 [AWT-EventQueue-0] INFO   cgdp.corealign.DomCluster domNo=0, name=LCABL_RS08775, spec=lcb
2024/12/17 08:41:21.673 [AWT-EventQueue-0] INFO   cgdp.corealign.DomCluster clustid=2057, order=0, coreidx1=1037, coreidx2=1037
2024/12/17 08:41:21.673 [AWT-EventQueue-0] INFO   cgdp.corealign.DomCluster domNo=0, name=BN194_RS08795, spec=lcw
2024/12/17 08:41:21.673 [AWT-EventQueue-0] INFO   cgdp.corealign.DomCluster clustid=2057, order=0, coreidx1=1037, coreidx2=1037
2024/12/17 08:41:21.673 [AWT-EventQueue-0] INFO   cgdp.corealign.DomCluster domNo=0, name=LCA12A_RS07445, spec=lcx
2024/12/17 08:41:21.673 [AWT-EventQueue-0] INFO   cgdp.corealign.DomCluster clustid=2057, order=0, coreidx1=1037, coreidx2=1037
2024/12/17 08:41:21.673 [AWT-EventQueue-0] INFO   cgdp.corealign.Cluster Cluster id=1967, name=1967
2024/12/17 08:41:21.673 [AWT-EventQueue-0] INFO   cgdp.corealign.DomCluster domNo=0, name=LBCZ_RS07735, spec=gm04274
2024/12/17 08:41:21.673 [AWT-EventQueue-0] INFO   cgdp.corealign.DomCluster clustid=1967, order=0, coreidx1=1084, coreidx2=1084
2024/12/17 08:41:21.673 [AWT-EventQueue-0] INFO   cgdp.corealign.DomCluster domNo=0, name=LCYAK_RS08750, spec=gm05061
2024/12/17 08:41:21.673 [AWT-EventQueue-0] INFO   cgdp.corealign.DomCluster clustid=1967, order=0, coreidx1=1084, coreidx2=1084
2024/12/17 08:41:21.673 [AWT-EventQueue-0] INFO   cgdp.corealign.DomCluster domNo=0, name=LCACT_RS08930, spec=gm05066
2024/12/17 08:41:21.673 [AWT-EventQueue-0] INFO   cgdp.corealign.DomCluster clustid=1967, order=0, coreidx1=1084, coreidx2=1084
2024/12/17 08:41:21.673 [AWT-EventQueue-0] INFO   cgdp.corealign.DomCluster domNo=0, name=BGL52_RS08425, spec=gm08549
2024/12/17 08:41:21.673 [AWT-EventQueue-0] INFO   cgdp.corealign.DomCluster clustid=1967, order=0, coreidx1=1084, coreidx2=1084
2024/12/17 08:41:21.673 [AWT-EventQueue-0] INFO   cgdp.corealign.DomCluster domNo=0, name=DYY97_RS07765, spec=gm10478
2024/12/17 08:41:21.673 [AWT-EventQueue-0] INFO   cgdp.corealign.DomCluster clustid=1967, order=0, coreidx1=1084, coreidx2=1084
2024/12/17 08:41:21.673 [AWT-EventQueue-0] INFO   cgdp.corealign.DomCluster domNo=0, name=LCABL_RS09010, spec=lcb
2024/12/17 08:41:21.673 [AWT-EventQueue-0] INFO   cgdp.corealign.DomCluster clustid=1967, order=0, coreidx1=1084, coreidx2=1084
2024/12/17 08:41:21.673 [AWT-EventQueue-0] INFO   cgdp.corealign.DomCluster domNo=0, name=BN194_RS09040, spec=lcw
2024/12/17 08:41:21.673 [AWT-EventQueue-0] INFO   cgdp.corealign.DomCluster clustid=1967, order=0, coreidx1=1084, coreidx2=1084
2024/12/17 08:41:21.673 [AWT-EventQueue-0] INFO   cgdp.corealign.DomCluster domNo=0, name=LCA12A_RS07960, spec=lcx
2024/12/17 08:41:21.673 [AWT-EventQueue-0] INFO   cgdp.corealign.DomCluster clustid=1967, order=0, coreidx1=1084, coreidx2=1084
2024/12/17 08:41:21.673 [AWT-EventQueue-0] INFO   cgdp.corealign.Cluster Cluster id=1397, name=1397
2024/12/17 08:41:21.673 [AWT-EventQueue-0] INFO   cgdp.corealign.DomCluster domNo=0, name=LBCZ_RS07870, spec=gm04274
2024/12/17 08:41:21.673 [AWT-EventQueue-0] INFO   cgdp.corealign.DomCluster clustid=1397, order=0, coreidx1=1110, coreidx2=1110
2024/12/17 08:41:21.673 [AWT-EventQueue-0] INFO   cgdp.corealign.DomCluster domNo=0, name=LCYAK_RS08890, spec=gm05061
2024/12/17 08:41:21.673 [AWT-EventQueue-0] INFO   cgdp.corealign.DomCluster clustid=1397, order=0, coreidx1=1110, coreidx2=1110
2024/12/17 08:41:21.673 [AWT-EventQueue-0] INFO   cgdp.corealign.DomCluster domNo=0, name=LCACT_RS09070, spec=gm05066
2024/12/17 08:41:21.673 [AWT-EventQueue-0] INFO   cgdp.corealign.DomCluster clustid=1397, order=0, coreidx1=1110, coreidx2=1110
2024/12/17 08:41:21.673 [AWT-EventQueue-0] INFO   cgdp.corealign.DomCluster domNo=0, name=BGL52_RS08565, spec=gm08549
2024/12/17 08:41:21.673 [AWT-EventQueue-0] INFO   cgdp.corealign.DomCluster clustid=1397, order=0, coreidx1=1110, coreidx2=1110
2024/12/17 08:41:21.673 [AWT-EventQueue-0] INFO   cgdp.corealign.DomCluster domNo=0, name=DYY97_RS07905, spec=gm10478
2024/12/17 08:41:21.673 [AWT-EventQueue-0] INFO   cgdp.corealign.DomCluster clustid=1397, order=0, coreidx1=1110, coreidx2=1110
2024/12/17 08:41:21.673 [AWT-EventQueue-0] INFO   cgdp.corealign.DomCluster domNo=0, name=LCABL_RS09150, spec=lcb
2024/12/17 08:41:21.673 [AWT-EventQueue-0] INFO   cgdp.corealign.DomCluster clustid=1397, order=0, coreidx1=1110, coreidx2=1110
2024/12/17 08:41:21.673 [AWT-EventQueue-0] INFO   cgdp.corealign.DomCluster domNo=0, name=BN194_RS09185, spec=lcw
2024/12/17 08:41:21.673 [AWT-EventQueue-0] INFO   cgdp.corealign.DomCluster clustid=1397, order=0, coreidx1=1110, coreidx2=1110
2024/12/17 08:41:21.673 [AWT-EventQueue-0] INFO   cgdp.corealign.DomCluster domNo=0, name=LCA12A_RS08095, spec=lcx
2024/12/17 08:41:21.673 [AWT-EventQueue-0] INFO   cgdp.corealign.DomCluster clustid=1397, order=0, coreidx1=1110, coreidx2=1110
2024/12/17 08:41:21.673 [AWT-EventQueue-0] INFO   cgdp.corealign.Cluster Cluster id=2198, name=2198
2024/12/17 08:41:21.673 [AWT-EventQueue-0] INFO   cgdp.corealign.DomCluster domNo=0, name=LBCZ_RS08415, spec=gm04274
2024/12/17 08:41:21.674 [AWT-EventQueue-0] INFO   cgdp.corealign.DomCluster clustid=2198, order=0, coreidx1=1197, coreidx2=1197
2024/12/17 08:41:21.674 [AWT-EventQueue-0] INFO   cgdp.corealign.DomCluster domNo=0, name=LCYAK_RS09355, spec=gm05061
2024/12/17 08:41:21.674 [AWT-EventQueue-0] INFO   cgdp.corealign.DomCluster clustid=2198, order=0, coreidx1=1197, coreidx2=1197
2024/12/17 08:41:21.674 [AWT-EventQueue-0] INFO   cgdp.corealign.DomCluster domNo=0, name=LCACT_RS09535, spec=gm05066
2024/12/17 08:41:21.674 [AWT-EventQueue-0] INFO   cgdp.corealign.DomCluster clustid=2198, order=0, coreidx1=1197, coreidx2=1197
2024/12/17 08:41:21.674 [AWT-EventQueue-0] INFO   cgdp.corealign.DomCluster domNo=0, name=BGL52_RS09095, spec=gm08549
2024/12/17 08:41:21.674 [AWT-EventQueue-0] INFO   cgdp.corealign.DomCluster clustid=2198, order=0, coreidx1=1197, coreidx2=1197
2024/12/17 08:41:21.674 [AWT-EventQueue-0] INFO   cgdp.corealign.DomCluster domNo=0, name=DYY97_RS08390, spec=gm10478
2024/12/17 08:41:21.674 [AWT-EventQueue-0] INFO   cgdp.corealign.DomCluster clustid=2198, order=0, coreidx1=1197, coreidx2=1197
2024/12/17 08:41:21.674 [AWT-EventQueue-0] INFO   cgdp.corealign.DomCluster domNo=0, name=LCABL_RS09615, spec=lcb
2024/12/17 08:41:21.674 [AWT-EventQueue-0] INFO   cgdp.corealign.DomCluster clustid=2198, order=0, coreidx1=1197, coreidx2=1197
2024/12/17 08:41:21.674 [AWT-EventQueue-0] INFO   cgdp.corealign.DomCluster domNo=0, name=BN194_RS09655, spec=lcw
2024/12/17 08:41:21.674 [AWT-EventQueue-0] INFO   cgdp.corealign.DomCluster clustid=2198, order=0, coreidx1=1197, coreidx2=1197
2024/12/17 08:41:21.674 [AWT-EventQueue-0] INFO   cgdp.corealign.DomCluster domNo=0, name=LCA12A_RS08555, spec=lcx
2024/12/17 08:41:21.674 [AWT-EventQueue-0] INFO   cgdp.corealign.DomCluster clustid=2198, order=0, coreidx1=1197, coreidx2=1197
2024/12/17 08:41:21.674 [AWT-EventQueue-0] INFO   cgdp.corealign.Cluster Cluster id=2461, name=2461
2024/12/17 08:41:21.674 [AWT-EventQueue-0] INFO   cgdp.corealign.DomCluster domNo=0, name=LBCZ_RS07720, spec=gm04274
2024/12/17 08:41:21.674 [AWT-EventQueue-0] INFO   cgdp.corealign.DomCluster clustid=2461, order=0, coreidx1=1081, coreidx2=1081
2024/12/17 08:41:21.674 [AWT-EventQueue-0] INFO   cgdp.corealign.DomCluster domNo=0, name=LCYAK_RS08735, spec=gm05061
2024/12/17 08:41:21.674 [AWT-EventQueue-0] INFO   cgdp.corealign.DomCluster clustid=2461, order=0, coreidx1=1081, coreidx2=1081
2024/12/17 08:41:21.674 [AWT-EventQueue-0] INFO   cgdp.corealign.DomCluster domNo=0, name=LCACT_RS08915, spec=gm05066
2024/12/17 08:41:21.674 [AWT-EventQueue-0] INFO   cgdp.corealign.DomCluster clustid=2461, order=0, coreidx1=1081, coreidx2=1081
2024/12/17 08:41:21.674 [AWT-EventQueue-0] INFO   cgdp.corealign.DomCluster domNo=0, name=BGL52_RS08410, spec=gm08549
2024/12/17 08:41:21.674 [AWT-EventQueue-0] INFO   cgdp.corealign.DomCluster clustid=2461, order=0, coreidx1=1081, coreidx2=1081
2024/12/17 08:41:21.674 [AWT-EventQueue-0] INFO   cgdp.corealign.DomCluster domNo=0, name=DYY97_RS07750, spec=gm10478
2024/12/17 08:41:21.674 [AWT-EventQueue-0] INFO   cgdp.corealign.DomCluster clustid=2461, order=0, coreidx1=1081, coreidx2=1081
2024/12/17 08:41:21.674 [AWT-EventQueue-0] INFO   cgdp.corealign.DomCluster domNo=0, name=LCABL_RS08995, spec=lcb
2024/12/17 08:41:21.674 [AWT-EventQueue-0] INFO   cgdp.corealign.DomCluster clustid=2461, order=0, coreidx1=1081, coreidx2=1081
2024/12/17 08:41:21.674 [AWT-EventQueue-0] INFO   cgdp.corealign.DomCluster domNo=0, name=BN194_RS09020, spec=lcw
2024/12/17 08:41:21.674 [AWT-EventQueue-0] INFO   cgdp.corealign.DomCluster clustid=2461, order=0, coreidx1=1081, coreidx2=1081
2024/12/17 08:41:21.674 [AWT-EventQueue-0] INFO   cgdp.corealign.DomCluster domNo=0, name=LCA12A_RS07945, spec=lcx
2024/12/17 08:41:21.674 [AWT-EventQueue-0] INFO   cgdp.corealign.DomCluster clustid=2461, order=0, coreidx1=1081, coreidx2=1081
2024/12/17 08:41:21.674 [AWT-EventQueue-0] INFO   cgdp.corealign.Cluster Cluster id=1558, name=1558
2024/12/17 08:41:21.674 [AWT-EventQueue-0] INFO   cgdp.corealign.DomCluster domNo=0, name=LBCZ_RS07905, spec=gm04274
2024/12/17 08:41:21.674 [AWT-EventQueue-0] INFO   cgdp.corealign.DomCluster clustid=1558, order=0, coreidx1=1117, coreidx2=1117
2024/12/17 08:41:21.674 [AWT-EventQueue-0] INFO   cgdp.corealign.DomCluster domNo=0, name=LCYAK_RS08935, spec=gm05061
2024/12/17 08:41:21.674 [AWT-EventQueue-0] INFO   cgdp.corealign.DomCluster clustid=1558, order=0, coreidx1=1117, coreidx2=1117
2024/12/17 08:41:21.674 [AWT-EventQueue-0] INFO   cgdp.corealign.DomCluster domNo=0, name=LCACT_RS09115, spec=gm05066
2024/12/17 08:41:21.674 [AWT-EventQueue-0] INFO   cgdp.corealign.DomCluster clustid=1558, order=0, coreidx1=1117, coreidx2=1117
2024/12/17 08:41:21.674 [AWT-EventQueue-0] INFO   cgdp.corealign.DomCluster domNo=0, name=BGL52_RS08600, spec=gm08549
2024/12/17 08:41:21.674 [AWT-EventQueue-0] INFO   cgdp.corealign.DomCluster clustid=1558, order=0, coreidx1=1117, coreidx2=1117
2024/12/17 08:41:21.674 [AWT-EventQueue-0] INFO   cgdp.corealign.DomCluster domNo=0, name=DYY97_RS07940, spec=gm10478
2024/12/17 08:41:21.674 [AWT-EventQueue-0] INFO   cgdp.corealign.DomCluster clustid=1558, order=0, coreidx1=1117, coreidx2=1117
2024/12/17 08:41:21.674 [AWT-EventQueue-0] INFO   cgdp.corealign.DomCluster domNo=0, name=LCABL_RS09195, spec=lcb
2024/12/17 08:41:21.674 [AWT-EventQueue-0] INFO   cgdp.corealign.DomCluster clustid=1558, order=0, coreidx1=1117, coreidx2=1117
2024/12/17 08:41:21.674 [AWT-EventQueue-0] INFO   cgdp.corealign.DomCluster domNo=0, name=BN194_RS09230, spec=lcw
2024/12/17 08:41:21.674 [AWT-EventQueue-0] INFO   cgdp.corealign.DomCluster clustid=1558, order=0, coreidx1=1117, coreidx2=1117
2024/12/17 08:41:21.674 [AWT-EventQueue-0] INFO   cgdp.corealign.DomCluster domNo=0, name=LCA12A_RS08130, spec=lcx
2024/12/17 08:41:21.674 [AWT-EventQueue-0] INFO   cgdp.corealign.DomCluster clustid=1558, order=0, coreidx1=1117, coreidx2=1117
2024/12/17 08:41:21.674 [AWT-EventQueue-0] INFO   cgdp.corealign.Cluster Cluster id=2081, name=2081
2024/12/17 08:41:21.674 [AWT-EventQueue-0] INFO   cgdp.corealign.DomCluster domNo=0, name=LBCZ_RS07575, spec=gm04274
2024/12/17 08:41:21.674 [AWT-EventQueue-0] INFO   cgdp.corealign.DomCluster clustid=2081, order=0, coreidx1=1053, coreidx2=1053
2024/12/17 08:41:21.674 [AWT-EventQueue-0] INFO   cgdp.corealign.DomCluster domNo=0, name=LCYAK_RS08595, spec=gm05061
2024/12/17 08:41:21.674 [AWT-EventQueue-0] INFO   cgdp.corealign.DomCluster clustid=2081, order=0, coreidx1=1053, coreidx2=1053
2024/12/17 08:41:21.674 [AWT-EventQueue-0] INFO   cgdp.corealign.DomCluster domNo=0, name=LCACT_RS08775, spec=gm05066
2024/12/17 08:41:21.674 [AWT-EventQueue-0] INFO   cgdp.corealign.DomCluster clustid=2081, order=0, coreidx1=1053, coreidx2=1053
2024/12/17 08:41:21.674 [AWT-EventQueue-0] INFO   cgdp.corealign.DomCluster domNo=0, name=BGL52_RS08255, spec=gm08549
2024/12/17 08:41:21.674 [AWT-EventQueue-0] INFO   cgdp.corealign.DomCluster clustid=2081, order=0, coreidx1=1053, coreidx2=1053
2024/12/17 08:41:21.674 [AWT-EventQueue-0] INFO   cgdp.corealign.DomCluster domNo=0, name=DYY97_RS07595, spec=gm10478
2024/12/17 08:41:21.674 [AWT-EventQueue-0] INFO   cgdp.corealign.DomCluster clustid=2081, order=0, coreidx1=1053, coreidx2=1053
2024/12/17 08:41:21.674 [AWT-EventQueue-0] INFO   cgdp.corealign.DomCluster domNo=0, name=LCABL_RS08855, spec=lcb
2024/12/17 08:41:21.674 [AWT-EventQueue-0] INFO   cgdp.corealign.DomCluster clustid=2081, order=0, coreidx1=1053, coreidx2=1053
2024/12/17 08:41:21.674 [AWT-EventQueue-0] INFO   cgdp.corealign.DomCluster domNo=0, name=BN194_RS08875, spec=lcw
2024/12/17 08:41:21.674 [AWT-EventQueue-0] INFO   cgdp.corealign.DomCluster clustid=2081, order=0, coreidx1=1053, coreidx2=1053
2024/12/17 08:41:21.674 [AWT-EventQueue-0] INFO   cgdp.corealign.DomCluster domNo=0, name=LCA12A_RS07805, spec=lcx
2024/12/17 08:41:21.674 [AWT-EventQueue-0] INFO   cgdp.corealign.DomCluster clustid=2081, order=0, coreidx1=1053, coreidx2=1053
2024/12/17 08:41:21.674 [AWT-EventQueue-0] INFO   cgdp.corealign.Cluster Cluster id=1640, name=1640
2024/12/17 08:41:21.674 [AWT-EventQueue-0] INFO   cgdp.corealign.DomCluster domNo=0, name=LBCZ_RS08395, spec=gm04274
2024/12/17 08:41:21.674 [AWT-EventQueue-0] INFO   cgdp.corealign.DomCluster clustid=1640, order=0, coreidx1=1193, coreidx2=1193
2024/12/17 08:41:21.674 [AWT-EventQueue-0] INFO   cgdp.corealign.DomCluster domNo=0, name=LCYAK_RS09335, spec=gm05061
2024/12/17 08:41:21.674 [AWT-EventQueue-0] INFO   cgdp.corealign.DomCluster clustid=1640, order=0, coreidx1=1193, coreidx2=1193
2024/12/17 08:41:21.674 [AWT-EventQueue-0] INFO   cgdp.corealign.DomCluster domNo=0, name=LCACT_RS09515, spec=gm05066
2024/12/17 08:41:21.674 [AWT-EventQueue-0] INFO   cgdp.corealign.DomCluster clustid=1640, order=0, coreidx1=1193, coreidx2=1193
2024/12/17 08:41:21.674 [AWT-EventQueue-0] INFO   cgdp.corealign.DomCluster domNo=0, name=BGL52_RS09070, spec=gm08549
2024/12/17 08:41:21.674 [AWT-EventQueue-0] INFO   cgdp.corealign.DomCluster clustid=1640, order=0, coreidx1=1193, coreidx2=1193
2024/12/17 08:41:21.674 [AWT-EventQueue-0] INFO   cgdp.corealign.DomCluster domNo=0, name=DYY97_RS08365, spec=gm10478
2024/12/17 08:41:21.674 [AWT-EventQueue-0] INFO   cgdp.corealign.DomCluster clustid=1640, order=0, coreidx1=1193, coreidx2=1193
2024/12/17 08:41:21.674 [AWT-EventQueue-0] INFO   cgdp.corealign.DomCluster domNo=0, name=LCABL_RS09595, spec=lcb
2024/12/17 08:41:21.674 [AWT-EventQueue-0] INFO   cgdp.corealign.DomCluster clustid=1640, order=0, coreidx1=1193, coreidx2=1193
2024/12/17 08:41:21.674 [AWT-EventQueue-0] INFO   cgdp.corealign.DomCluster domNo=0, name=BN194_RS09630, spec=lcw
2024/12/17 08:41:21.674 [AWT-EventQueue-0] INFO   cgdp.corealign.DomCluster clustid=1640, order=0, coreidx1=1193, coreidx2=1193
2024/12/17 08:41:21.674 [AWT-EventQueue-0] INFO   cgdp.corealign.DomCluster domNo=0, name=LCA12A_RS08535, spec=lcx
2024/12/17 08:41:21.674 [AWT-EventQueue-0] INFO   cgdp.corealign.DomCluster clustid=1640, order=0, coreidx1=1193, coreidx2=1193
2024/12/17 08:41:21.674 [AWT-EventQueue-0] INFO   cgdp.corealign.Cluster Cluster id=190, name=190
2024/12/17 08:41:21.674 [AWT-EventQueue-0] INFO   cgdp.corealign.DomCluster domNo=0, name=LBCZ_RS08390, spec=gm04274
2024/12/17 08:41:21.674 [AWT-EventQueue-0] INFO   cgdp.corealign.DomCluster clustid=190, order=0, coreidx1=1192, coreidx2=1192
2024/12/17 08:41:21.674 [AWT-EventQueue-0] INFO   cgdp.corealign.DomCluster domNo=0, name=LCYAK_RS09330, spec=gm05061
2024/12/17 08:41:21.674 [AWT-EventQueue-0] INFO   cgdp.corealign.DomCluster clustid=190, order=0, coreidx1=1192, coreidx2=1192
2024/12/17 08:41:21.674 [AWT-EventQueue-0] INFO   cgdp.corealign.DomCluster domNo=0, name=LCACT_RS09510, spec=gm05066
2024/12/17 08:41:21.674 [AWT-EventQueue-0] INFO   cgdp.corealign.DomCluster clustid=190, order=0, coreidx1=1192, coreidx2=1192
2024/12/17 08:41:21.674 [AWT-EventQueue-0] INFO   cgdp.corealign.DomCluster domNo=0, name=BGL52_RS09065, spec=gm08549
2024/12/17 08:41:21.674 [AWT-EventQueue-0] INFO   cgdp.corealign.DomCluster clustid=190, order=0, coreidx1=1192, coreidx2=1192
2024/12/17 08:41:21.674 [AWT-EventQueue-0] INFO   cgdp.corealign.DomCluster domNo=0, name=DYY97_RS08360, spec=gm10478
2024/12/17 08:41:21.674 [AWT-EventQueue-0] INFO   cgdp.corealign.DomCluster clustid=190, order=0, coreidx1=1192, coreidx2=1192
2024/12/17 08:41:21.674 [AWT-EventQueue-0] INFO   cgdp.corealign.DomCluster domNo=0, name=LCABL_RS09590, spec=lcb
2024/12/17 08:41:21.674 [AWT-EventQueue-0] INFO   cgdp.corealign.DomCluster clustid=190, order=0, coreidx1=1192, coreidx2=1192
2024/12/17 08:41:21.674 [AWT-EventQueue-0] INFO   cgdp.corealign.DomCluster domNo=0, name=BN194_RS09625, spec=lcw
2024/12/17 08:41:21.674 [AWT-EventQueue-0] INFO   cgdp.corealign.DomCluster clustid=190, order=0, coreidx1=1192, coreidx2=1192
2024/12/17 08:41:21.674 [AWT-EventQueue-0] INFO   cgdp.corealign.DomCluster domNo=0, name=LCA12A_RS08530, spec=lcx
2024/12/17 08:41:21.674 [AWT-EventQueue-0] INFO   cgdp.corealign.DomCluster clustid=190, order=0, coreidx1=1192, coreidx2=1192
2024/12/17 08:41:21.674 [AWT-EventQueue-0] INFO   cgdp.corealign.Cluster Cluster id=2658, name=2658
2024/12/17 08:41:21.674 [AWT-EventQueue-0] INFO   cgdp.corealign.DomCluster domNo=0, name=LBCZ_RS07660, spec=gm04274
2024/12/17 08:41:21.674 [AWT-EventQueue-0] INFO   cgdp.corealign.DomCluster clustid=2658, order=0, coreidx1=1069, coreidx2=1069
2024/12/17 08:41:21.674 [AWT-EventQueue-0] INFO   cgdp.corealign.DomCluster domNo=0, name=LCYAK_RS08675, spec=gm05061
2024/12/17 08:41:21.674 [AWT-EventQueue-0] INFO   cgdp.corealign.DomCluster clustid=2658, order=0, coreidx1=1069, coreidx2=1069
2024/12/17 08:41:21.674 [AWT-EventQueue-0] INFO   cgdp.corealign.DomCluster domNo=0, name=LCACT_RS08855, spec=gm05066
2024/12/17 08:41:21.675 [AWT-EventQueue-0] INFO   cgdp.corealign.DomCluster clustid=2658, order=0, coreidx1=1069, coreidx2=1069
2024/12/17 08:41:21.675 [AWT-EventQueue-0] INFO   cgdp.corealign.DomCluster domNo=0, name=BGL52_RS08345, spec=gm08549
2024/12/17 08:41:21.675 [AWT-EventQueue-0] INFO   cgdp.corealign.DomCluster clustid=2658, order=0, coreidx1=1069, coreidx2=1069
2024/12/17 08:41:21.675 [AWT-EventQueue-0] INFO   cgdp.corealign.DomCluster domNo=0, name=DYY97_RS07685, spec=gm10478
2024/12/17 08:41:21.675 [AWT-EventQueue-0] INFO   cgdp.corealign.DomCluster clustid=2658, order=0, coreidx1=1069, coreidx2=1069
2024/12/17 08:41:21.675 [AWT-EventQueue-0] INFO   cgdp.corealign.DomCluster domNo=0, name=LCABL_RS08935, spec=lcb
2024/12/17 08:41:21.675 [AWT-EventQueue-0] INFO   cgdp.corealign.DomCluster clustid=2658, order=0, coreidx1=1069, coreidx2=1069
2024/12/17 08:41:21.675 [AWT-EventQueue-0] INFO   cgdp.corealign.DomCluster domNo=0, name=LCA12A_RS07885, spec=lcx
2024/12/17 08:41:21.675 [AWT-EventQueue-0] INFO   cgdp.corealign.DomCluster clustid=2658, order=0, coreidx1=1069, coreidx2=1069
2024/12/17 08:41:21.675 [AWT-EventQueue-0] INFO   cgdp.corealign.Cluster Cluster id=1459, name=1459
2024/12/17 08:41:21.675 [AWT-EventQueue-0] INFO   cgdp.corealign.DomCluster domNo=0, name=LBCZ_RS08270, spec=gm04274
2024/12/17 08:41:21.675 [AWT-EventQueue-0] INFO   cgdp.corealign.DomCluster clustid=1459, order=0, coreidx1=1171, coreidx2=1171
2024/12/17 08:41:21.675 [AWT-EventQueue-0] INFO   cgdp.corealign.DomCluster domNo=0, name=LCYAK_RS09220, spec=gm05061
2024/12/17 08:41:21.675 [AWT-EventQueue-0] INFO   cgdp.corealign.DomCluster clustid=1459, order=0, coreidx1=1171, coreidx2=1171
2024/12/17 08:41:21.675 [AWT-EventQueue-0] INFO   cgdp.corealign.DomCluster domNo=0, name=LCACT_RS09400, spec=gm05066
2024/12/17 08:41:21.675 [AWT-EventQueue-0] INFO   cgdp.corealign.DomCluster clustid=1459, order=0, coreidx1=1171, coreidx2=1171
2024/12/17 08:41:21.675 [AWT-EventQueue-0] INFO   cgdp.corealign.DomCluster domNo=0, name=BGL52_RS08940, spec=gm08549
2024/12/17 08:41:21.675 [AWT-EventQueue-0] INFO   cgdp.corealign.DomCluster clustid=1459, order=0, coreidx1=1171, coreidx2=1171
2024/12/17 08:41:21.675 [AWT-EventQueue-0] INFO   cgdp.corealign.DomCluster domNo=0, name=DYY97_RS08250, spec=gm10478
2024/12/17 08:41:21.675 [AWT-EventQueue-0] INFO   cgdp.corealign.DomCluster clustid=1459, order=0, coreidx1=1171, coreidx2=1171
2024/12/17 08:41:21.675 [AWT-EventQueue-0] INFO   cgdp.corealign.DomCluster domNo=0, name=LCABL_RS09480, spec=lcb
2024/12/17 08:41:21.675 [AWT-EventQueue-0] INFO   cgdp.corealign.DomCluster clustid=1459, order=0, coreidx1=1171, coreidx2=1171
2024/12/17 08:41:21.675 [AWT-EventQueue-0] INFO   cgdp.corealign.DomCluster domNo=0, name=BN194_RS09515, spec=lcw
2024/12/17 08:41:21.675 [AWT-EventQueue-0] INFO   cgdp.corealign.DomCluster clustid=1459, order=0, coreidx1=1171, coreidx2=1171
2024/12/17 08:41:21.675 [AWT-EventQueue-0] INFO   cgdp.corealign.DomCluster domNo=0, name=LCA12A_RS08420, spec=lcx
2024/12/17 08:41:21.675 [AWT-EventQueue-0] INFO   cgdp.corealign.DomCluster clustid=1459, order=0, coreidx1=1171, coreidx2=1171
2024/12/17 08:41:21.675 [AWT-EventQueue-0] INFO   cgdp.corealign.Cluster Cluster id=1530, name=1530
2024/12/17 08:41:21.675 [AWT-EventQueue-0] INFO   cgdp.corealign.DomCluster domNo=0, name=LBCZ_RS07590, spec=gm04274
2024/12/17 08:41:21.675 [AWT-EventQueue-0] INFO   cgdp.corealign.DomCluster clustid=1530, order=0, coreidx1=1056, coreidx2=1056
2024/12/17 08:41:21.675 [AWT-EventQueue-0] INFO   cgdp.corealign.DomCluster domNo=0, name=LCYAK_RS08610, spec=gm05061
2024/12/17 08:41:21.675 [AWT-EventQueue-0] INFO   cgdp.corealign.DomCluster clustid=1530, order=0, coreidx1=1056, coreidx2=1056
2024/12/17 08:41:21.675 [AWT-EventQueue-0] INFO   cgdp.corealign.DomCluster domNo=0, name=LCACT_RS08790, spec=gm05066
2024/12/17 08:41:21.675 [AWT-EventQueue-0] INFO   cgdp.corealign.DomCluster clustid=1530, order=0, coreidx1=1056, coreidx2=1056
2024/12/17 08:41:21.675 [AWT-EventQueue-0] INFO   cgdp.corealign.DomCluster domNo=0, name=BGL52_RS08270, spec=gm08549
2024/12/17 08:41:21.675 [AWT-EventQueue-0] INFO   cgdp.corealign.DomCluster clustid=1530, order=0, coreidx1=1056, coreidx2=1056
2024/12/17 08:41:21.675 [AWT-EventQueue-0] INFO   cgdp.corealign.DomCluster domNo=0, name=DYY97_RS07610, spec=gm10478
2024/12/17 08:41:21.675 [AWT-EventQueue-0] INFO   cgdp.corealign.DomCluster clustid=1530, order=0, coreidx1=1056, coreidx2=1056
2024/12/17 08:41:21.675 [AWT-EventQueue-0] INFO   cgdp.corealign.DomCluster domNo=0, name=LCABL_RS08870, spec=lcb
2024/12/17 08:41:21.675 [AWT-EventQueue-0] INFO   cgdp.corealign.DomCluster clustid=1530, order=0, coreidx1=1056, coreidx2=1056
2024/12/17 08:41:21.675 [AWT-EventQueue-0] INFO   cgdp.corealign.DomCluster domNo=0, name=BN194_RS08890, spec=lcw
2024/12/17 08:41:21.675 [AWT-EventQueue-0] INFO   cgdp.corealign.DomCluster clustid=1530, order=0, coreidx1=1056, coreidx2=1056
2024/12/17 08:41:21.675 [AWT-EventQueue-0] INFO   cgdp.corealign.DomCluster domNo=0, name=LCA12A_RS07820, spec=lcx
2024/12/17 08:41:21.675 [AWT-EventQueue-0] INFO   cgdp.corealign.DomCluster clustid=1530, order=0, coreidx1=1056, coreidx2=1056
2024/12/17 08:41:21.675 [AWT-EventQueue-0] INFO   cgdp.corealign.Cluster Cluster id=2167, name=2167
2024/12/17 08:41:21.675 [AWT-EventQueue-0] INFO   cgdp.corealign.DomCluster domNo=0, name=LBCZ_RS08140, spec=gm04274
2024/12/17 08:41:21.675 [AWT-EventQueue-0] INFO   cgdp.corealign.DomCluster clustid=2167, order=0, coreidx1=1154, coreidx2=1154
2024/12/17 08:41:21.675 [AWT-EventQueue-0] INFO   cgdp.corealign.DomCluster domNo=0, name=LCYAK_RS09135, spec=gm05061
2024/12/17 08:41:21.675 [AWT-EventQueue-0] INFO   cgdp.corealign.DomCluster clustid=2167, order=0, coreidx1=1154, coreidx2=1154
2024/12/17 08:41:21.675 [AWT-EventQueue-0] INFO   cgdp.corealign.DomCluster domNo=0, name=LCACT_RS09315, spec=gm05066
2024/12/17 08:41:21.675 [AWT-EventQueue-0] INFO   cgdp.corealign.DomCluster clustid=2167, order=0, coreidx1=1154, coreidx2=1154
2024/12/17 08:41:21.675 [AWT-EventQueue-0] INFO   cgdp.corealign.DomCluster domNo=0, name=BGL52_RS08825, spec=gm08549
2024/12/17 08:41:21.675 [AWT-EventQueue-0] INFO   cgdp.corealign.DomCluster clustid=2167, order=0, coreidx1=1154, coreidx2=1154
2024/12/17 08:41:21.675 [AWT-EventQueue-0] INFO   cgdp.corealign.DomCluster domNo=0, name=DYY97_RS08135, spec=gm10478
2024/12/17 08:41:21.675 [AWT-EventQueue-0] INFO   cgdp.corealign.DomCluster clustid=2167, order=0, coreidx1=1154, coreidx2=1154
2024/12/17 08:41:21.675 [AWT-EventQueue-0] INFO   cgdp.corealign.DomCluster domNo=0, name=LCABL_RS09395, spec=lcb
2024/12/17 08:41:21.675 [AWT-EventQueue-0] INFO   cgdp.corealign.DomCluster clustid=2167, order=0, coreidx1=1154, coreidx2=1154
2024/12/17 08:41:21.675 [AWT-EventQueue-0] INFO   cgdp.corealign.DomCluster domNo=0, name=BN194_RS09430, spec=lcw
2024/12/17 08:41:21.675 [AWT-EventQueue-0] INFO   cgdp.corealign.DomCluster clustid=2167, order=0, coreidx1=1154, coreidx2=1154
2024/12/17 08:41:21.675 [AWT-EventQueue-0] INFO   cgdp.corealign.DomCluster domNo=0, name=LCA12A_RS08335, spec=lcx
2024/12/17 08:41:21.675 [AWT-EventQueue-0] INFO   cgdp.corealign.DomCluster clustid=2167, order=0, coreidx1=1154, coreidx2=1154
2024/12/17 08:41:21.675 [AWT-EventQueue-0] INFO   cgdp.corealign.Cluster Cluster id=2291, name=2291
2024/12/17 08:41:21.675 [AWT-EventQueue-0] INFO   cgdp.corealign.DomCluster domNo=0, name=LBCZ_RS08035, spec=gm04274
2024/12/17 08:41:21.675 [AWT-EventQueue-0] INFO   cgdp.corealign.DomCluster clustid=2291, order=0, coreidx1=1140, coreidx2=1140
2024/12/17 08:41:21.675 [AWT-EventQueue-0] INFO   cgdp.corealign.DomCluster domNo=0, name=LCYAK_RS09060, spec=gm05061
2024/12/17 08:41:21.675 [AWT-EventQueue-0] INFO   cgdp.corealign.DomCluster clustid=2291, order=0, coreidx1=1140, coreidx2=1140
2024/12/17 08:41:21.675 [AWT-EventQueue-0] INFO   cgdp.corealign.DomCluster domNo=0, name=LCACT_RS09240, spec=gm05066
2024/12/17 08:41:21.675 [AWT-EventQueue-0] INFO   cgdp.corealign.DomCluster clustid=2291, order=0, coreidx1=1140, coreidx2=1140
2024/12/17 08:41:21.675 [AWT-EventQueue-0] INFO   cgdp.corealign.DomCluster domNo=0, name=BGL52_RS08720, spec=gm08549
2024/12/17 08:41:21.675 [AWT-EventQueue-0] INFO   cgdp.corealign.DomCluster clustid=2291, order=0, coreidx1=1140, coreidx2=1140
2024/12/17 08:41:21.675 [AWT-EventQueue-0] INFO   cgdp.corealign.DomCluster domNo=0, name=DYY97_RS08060, spec=gm10478
2024/12/17 08:41:21.675 [AWT-EventQueue-0] INFO   cgdp.corealign.DomCluster clustid=2291, order=0, coreidx1=1140, coreidx2=1140
2024/12/17 08:41:21.675 [AWT-EventQueue-0] INFO   cgdp.corealign.DomCluster domNo=0, name=LCABL_RS09320, spec=lcb
2024/12/17 08:41:21.675 [AWT-EventQueue-0] INFO   cgdp.corealign.DomCluster clustid=2291, order=0, coreidx1=1140, coreidx2=1140
2024/12/17 08:41:21.675 [AWT-EventQueue-0] INFO   cgdp.corealign.DomCluster domNo=0, name=BN194_RS09355, spec=lcw
2024/12/17 08:41:21.675 [AWT-EventQueue-0] INFO   cgdp.corealign.DomCluster clustid=2291, order=0, coreidx1=1140, coreidx2=1140
2024/12/17 08:41:21.675 [AWT-EventQueue-0] INFO   cgdp.corealign.DomCluster domNo=0, name=LCA12A_RS08260, spec=lcx
2024/12/17 08:41:21.675 [AWT-EventQueue-0] INFO   cgdp.corealign.DomCluster clustid=2291, order=0, coreidx1=1140, coreidx2=1140
2024/12/17 08:41:21.675 [AWT-EventQueue-0] INFO   cgdp.corealign.Cluster Cluster id=2533, name=2533
2024/12/17 08:41:21.675 [AWT-EventQueue-0] INFO   cgdp.corealign.DomCluster domNo=0, name=LBCZ_RS08125, spec=gm04274
2024/12/17 08:41:21.675 [AWT-EventQueue-0] INFO   cgdp.corealign.DomCluster clustid=2533, order=0, coreidx1=1151, coreidx2=1151
2024/12/17 08:41:21.675 [AWT-EventQueue-0] INFO   cgdp.corealign.DomCluster domNo=0, name=LCYAK_RS09115, spec=gm05061
2024/12/17 08:41:21.675 [AWT-EventQueue-0] INFO   cgdp.corealign.DomCluster clustid=2533, order=0, coreidx1=1151, coreidx2=1151
2024/12/17 08:41:21.675 [AWT-EventQueue-0] INFO   cgdp.corealign.DomCluster domNo=0, name=LCACT_RS09295, spec=gm05066
2024/12/17 08:41:21.675 [AWT-EventQueue-0] INFO   cgdp.corealign.DomCluster clustid=2533, order=0, coreidx1=1151, coreidx2=1151
2024/12/17 08:41:21.675 [AWT-EventQueue-0] INFO   cgdp.corealign.DomCluster domNo=0, name=BGL52_RS08800, spec=gm08549
2024/12/17 08:41:21.675 [AWT-EventQueue-0] INFO   cgdp.corealign.DomCluster clustid=2533, order=0, coreidx1=1151, coreidx2=1151
2024/12/17 08:41:21.675 [AWT-EventQueue-0] INFO   cgdp.corealign.DomCluster domNo=0, name=DYY97_RS08115, spec=gm10478
2024/12/17 08:41:21.675 [AWT-EventQueue-0] INFO   cgdp.corealign.DomCluster clustid=2533, order=0, coreidx1=1151, coreidx2=1151
2024/12/17 08:41:21.675 [AWT-EventQueue-0] INFO   cgdp.corealign.DomCluster domNo=0, name=LCABL_RS09375, spec=lcb
2024/12/17 08:41:21.675 [AWT-EventQueue-0] INFO   cgdp.corealign.DomCluster clustid=2533, order=0, coreidx1=1151, coreidx2=1151
2024/12/17 08:41:21.675 [AWT-EventQueue-0] INFO   cgdp.corealign.DomCluster domNo=0, name=LCA12A_RS08315, spec=lcx
2024/12/17 08:41:21.675 [AWT-EventQueue-0] INFO   cgdp.corealign.DomCluster clustid=2533, order=0, coreidx1=1151, coreidx2=1151
2024/12/17 08:41:21.675 [AWT-EventQueue-0] INFO   cgdp.corealign.Cluster Cluster id=1453, name=1453
2024/12/17 08:41:21.675 [AWT-EventQueue-0] INFO   cgdp.corealign.DomCluster domNo=0, name=LBCZ_RS07730, spec=gm04274
2024/12/17 08:41:21.675 [AWT-EventQueue-0] INFO   cgdp.corealign.DomCluster clustid=1453, order=0, coreidx1=1083, coreidx2=1083
2024/12/17 08:41:21.675 [AWT-EventQueue-0] INFO   cgdp.corealign.DomCluster domNo=0, name=LCYAK_RS08745, spec=gm05061
2024/12/17 08:41:21.675 [AWT-EventQueue-0] INFO   cgdp.corealign.DomCluster clustid=1453, order=0, coreidx1=1083, coreidx2=1083
2024/12/17 08:41:21.675 [AWT-EventQueue-0] INFO   cgdp.corealign.DomCluster domNo=0, name=LCACT_RS08925, spec=gm05066
2024/12/17 08:41:21.675 [AWT-EventQueue-0] INFO   cgdp.corealign.DomCluster clustid=1453, order=0, coreidx1=1083, coreidx2=1083
2024/12/17 08:41:21.675 [AWT-EventQueue-0] INFO   cgdp.corealign.DomCluster domNo=0, name=BGL52_RS08420, spec=gm08549
2024/12/17 08:41:21.675 [AWT-EventQueue-0] INFO   cgdp.corealign.DomCluster clustid=1453, order=0, coreidx1=1083, coreidx2=1083
2024/12/17 08:41:21.675 [AWT-EventQueue-0] INFO   cgdp.corealign.DomCluster domNo=0, name=DYY97_RS07760, spec=gm10478
2024/12/17 08:41:21.675 [AWT-EventQueue-0] INFO   cgdp.corealign.DomCluster clustid=1453, order=0, coreidx1=1083, coreidx2=1083
2024/12/17 08:41:21.675 [AWT-EventQueue-0] INFO   cgdp.corealign.DomCluster domNo=0, name=LCABL_RS09005, spec=lcb
2024/12/17 08:41:21.675 [AWT-EventQueue-0] INFO   cgdp.corealign.DomCluster clustid=1453, order=0, coreidx1=1083, coreidx2=1083
2024/12/17 08:41:21.675 [AWT-EventQueue-0] INFO   cgdp.corealign.DomCluster domNo=0, name=BN194_RS09035, spec=lcw
2024/12/17 08:41:21.675 [AWT-EventQueue-0] INFO   cgdp.corealign.DomCluster clustid=1453, order=0, coreidx1=1083, coreidx2=1083
2024/12/17 08:41:21.675 [AWT-EventQueue-0] INFO   cgdp.corealign.DomCluster domNo=0, name=LCA12A_RS07955, spec=lcx
2024/12/17 08:41:21.675 [AWT-EventQueue-0] INFO   cgdp.corealign.DomCluster clustid=1453, order=0, coreidx1=1083, coreidx2=1083
2024/12/17 08:41:21.675 [AWT-EventQueue-0] INFO   cgdp.corealign.Cluster Cluster id=2171, name=2171
2024/12/17 08:41:21.676 [AWT-EventQueue-0] INFO   cgdp.corealign.DomCluster domNo=0, name=LBCZ_RS07915, spec=gm04274
2024/12/17 08:41:21.676 [AWT-EventQueue-0] INFO   cgdp.corealign.DomCluster clustid=2171, order=0, coreidx1=1119, coreidx2=1119
2024/12/17 08:41:21.676 [AWT-EventQueue-0] INFO   cgdp.corealign.DomCluster domNo=0, name=LCYAK_RS08945, spec=gm05061
2024/12/17 08:41:21.676 [AWT-EventQueue-0] INFO   cgdp.corealign.DomCluster clustid=2171, order=0, coreidx1=1119, coreidx2=1119
2024/12/17 08:41:21.676 [AWT-EventQueue-0] INFO   cgdp.corealign.DomCluster domNo=0, name=LCACT_RS09125, spec=gm05066
2024/12/17 08:41:21.676 [AWT-EventQueue-0] INFO   cgdp.corealign.DomCluster clustid=2171, order=0, coreidx1=1119, coreidx2=1119
2024/12/17 08:41:21.676 [AWT-EventQueue-0] INFO   cgdp.corealign.DomCluster domNo=0, name=BGL52_RS08610, spec=gm08549
2024/12/17 08:41:21.676 [AWT-EventQueue-0] INFO   cgdp.corealign.DomCluster clustid=2171, order=0, coreidx1=1119, coreidx2=1119
2024/12/17 08:41:21.676 [AWT-EventQueue-0] INFO   cgdp.corealign.DomCluster domNo=0, name=DYY97_RS07950, spec=gm10478
2024/12/17 08:41:21.676 [AWT-EventQueue-0] INFO   cgdp.corealign.DomCluster clustid=2171, order=0, coreidx1=1119, coreidx2=1119
2024/12/17 08:41:21.676 [AWT-EventQueue-0] INFO   cgdp.corealign.DomCluster domNo=0, name=LCABL_RS09205, spec=lcb
2024/12/17 08:41:21.676 [AWT-EventQueue-0] INFO   cgdp.corealign.DomCluster clustid=2171, order=0, coreidx1=1119, coreidx2=1119
2024/12/17 08:41:21.676 [AWT-EventQueue-0] INFO   cgdp.corealign.DomCluster domNo=0, name=BN194_RS09240, spec=lcw
2024/12/17 08:41:21.676 [AWT-EventQueue-0] INFO   cgdp.corealign.DomCluster clustid=2171, order=0, coreidx1=1119, coreidx2=1119
2024/12/17 08:41:21.676 [AWT-EventQueue-0] INFO   cgdp.corealign.DomCluster domNo=0, name=LCA12A_RS08140, spec=lcx
2024/12/17 08:41:21.676 [AWT-EventQueue-0] INFO   cgdp.corealign.DomCluster clustid=2171, order=0, coreidx1=1119, coreidx2=1119
2024/12/17 08:41:21.676 [AWT-EventQueue-0] INFO   cgdp.corealign.Cluster Cluster id=1912, name=1912
2024/12/17 08:41:21.676 [AWT-EventQueue-0] INFO   cgdp.corealign.DomCluster domNo=0, name=LBCZ_RS08385, spec=gm04274
2024/12/17 08:41:21.676 [AWT-EventQueue-0] INFO   cgdp.corealign.DomCluster clustid=1912, order=0, coreidx1=1191, coreidx2=1191
2024/12/17 08:41:21.676 [AWT-EventQueue-0] INFO   cgdp.corealign.DomCluster domNo=0, name=LCYAK_RS09325, spec=gm05061
2024/12/17 08:41:21.676 [AWT-EventQueue-0] INFO   cgdp.corealign.DomCluster clustid=1912, order=0, coreidx1=1191, coreidx2=1191
2024/12/17 08:41:21.676 [AWT-EventQueue-0] INFO   cgdp.corealign.DomCluster domNo=0, name=LCACT_RS09505, spec=gm05066
2024/12/17 08:41:21.676 [AWT-EventQueue-0] INFO   cgdp.corealign.DomCluster clustid=1912, order=0, coreidx1=1191, coreidx2=1191
2024/12/17 08:41:21.676 [AWT-EventQueue-0] INFO   cgdp.corealign.DomCluster domNo=0, name=BGL52_RS09060, spec=gm08549
2024/12/17 08:41:21.676 [AWT-EventQueue-0] INFO   cgdp.corealign.DomCluster clustid=1912, order=0, coreidx1=1191, coreidx2=1191
2024/12/17 08:41:21.676 [AWT-EventQueue-0] INFO   cgdp.corealign.DomCluster domNo=0, name=DYY97_RS08355, spec=gm10478
2024/12/17 08:41:21.676 [AWT-EventQueue-0] INFO   cgdp.corealign.DomCluster clustid=1912, order=0, coreidx1=1191, coreidx2=1191
2024/12/17 08:41:21.676 [AWT-EventQueue-0] INFO   cgdp.corealign.DomCluster domNo=0, name=LCABL_RS09585, spec=lcb
2024/12/17 08:41:21.676 [AWT-EventQueue-0] INFO   cgdp.corealign.DomCluster clustid=1912, order=0, coreidx1=1191, coreidx2=1191
2024/12/17 08:41:21.676 [AWT-EventQueue-0] INFO   cgdp.corealign.DomCluster domNo=0, name=BN194_RS09620, spec=lcw
2024/12/17 08:41:21.676 [AWT-EventQueue-0] INFO   cgdp.corealign.DomCluster clustid=1912, order=0, coreidx1=1191, coreidx2=1191
2024/12/17 08:41:21.676 [AWT-EventQueue-0] INFO   cgdp.corealign.DomCluster domNo=0, name=LCA12A_RS08525, spec=lcx
2024/12/17 08:41:21.676 [AWT-EventQueue-0] INFO   cgdp.corealign.DomCluster clustid=1912, order=0, coreidx1=1191, coreidx2=1191
2024/12/17 08:41:21.676 [AWT-EventQueue-0] INFO   cgdp.corealign.Cluster Cluster id=1915, name=1915
2024/12/17 08:41:21.676 [AWT-EventQueue-0] INFO   cgdp.corealign.DomCluster domNo=0, name=LBCZ_RS08020, spec=gm04274
2024/12/17 08:41:21.676 [AWT-EventQueue-0] INFO   cgdp.corealign.DomCluster clustid=1915, order=0, coreidx1=1137, coreidx2=1137
2024/12/17 08:41:21.676 [AWT-EventQueue-0] INFO   cgdp.corealign.DomCluster domNo=0, name=LCYAK_RS09045, spec=gm05061
2024/12/17 08:41:21.676 [AWT-EventQueue-0] INFO   cgdp.corealign.DomCluster clustid=1915, order=0, coreidx1=1137, coreidx2=1137
2024/12/17 08:41:21.676 [AWT-EventQueue-0] INFO   cgdp.corealign.DomCluster domNo=0, name=LCACT_RS09225, spec=gm05066
2024/12/17 08:41:21.676 [AWT-EventQueue-0] INFO   cgdp.corealign.DomCluster clustid=1915, order=0, coreidx1=1137, coreidx2=1137
2024/12/17 08:41:21.676 [AWT-EventQueue-0] INFO   cgdp.corealign.DomCluster domNo=0, name=BGL52_RS08705, spec=gm08549
2024/12/17 08:41:21.676 [AWT-EventQueue-0] INFO   cgdp.corealign.DomCluster clustid=1915, order=0, coreidx1=1137, coreidx2=1137
2024/12/17 08:41:21.676 [AWT-EventQueue-0] INFO   cgdp.corealign.DomCluster domNo=0, name=DYY97_RS08045, spec=gm10478
2024/12/17 08:41:21.676 [AWT-EventQueue-0] INFO   cgdp.corealign.DomCluster clustid=1915, order=0, coreidx1=1137, coreidx2=1137
2024/12/17 08:41:21.676 [AWT-EventQueue-0] INFO   cgdp.corealign.DomCluster domNo=0, name=LCABL_RS09305, spec=lcb
2024/12/17 08:41:21.676 [AWT-EventQueue-0] INFO   cgdp.corealign.DomCluster clustid=1915, order=0, coreidx1=1137, coreidx2=1137
2024/12/17 08:41:21.676 [AWT-EventQueue-0] INFO   cgdp.corealign.DomCluster domNo=0, name=BN194_RS09340, spec=lcw
2024/12/17 08:41:21.676 [AWT-EventQueue-0] INFO   cgdp.corealign.DomCluster clustid=1915, order=0, coreidx1=1137, coreidx2=1137
2024/12/17 08:41:21.676 [AWT-EventQueue-0] INFO   cgdp.corealign.DomCluster domNo=0, name=LCA12A_RS08245, spec=lcx
2024/12/17 08:41:21.676 [AWT-EventQueue-0] INFO   cgdp.corealign.DomCluster clustid=1915, order=0, coreidx1=1137, coreidx2=1137
2024/12/17 08:41:21.676 [AWT-EventQueue-0] INFO   cgdp.corealign.Cluster Cluster id=2074, name=2074
2024/12/17 08:41:21.676 [AWT-EventQueue-0] INFO   cgdp.corealign.DomCluster domNo=0, name=LBCZ_RS07490, spec=gm04274
2024/12/17 08:41:21.676 [AWT-EventQueue-0] INFO   cgdp.corealign.DomCluster clustid=2074, order=0, coreidx1=1036, coreidx2=1036
2024/12/17 08:41:21.676 [AWT-EventQueue-0] INFO   cgdp.corealign.DomCluster domNo=0, name=LCYAK_RS08510, spec=gm05061
2024/12/17 08:41:21.676 [AWT-EventQueue-0] INFO   cgdp.corealign.DomCluster clustid=2074, order=0, coreidx1=1036, coreidx2=1036
2024/12/17 08:41:21.676 [AWT-EventQueue-0] INFO   cgdp.corealign.DomCluster domNo=0, name=LCACT_RS08690, spec=gm05066
2024/12/17 08:41:21.676 [AWT-EventQueue-0] INFO   cgdp.corealign.DomCluster clustid=2074, order=0, coreidx1=1036, coreidx2=1036
2024/12/17 08:41:21.676 [AWT-EventQueue-0] INFO   cgdp.corealign.DomCluster domNo=0, name=BGL52_RS08165, spec=gm08549
2024/12/17 08:41:21.676 [AWT-EventQueue-0] INFO   cgdp.corealign.DomCluster clustid=2074, order=0, coreidx1=1036, coreidx2=1036
2024/12/17 08:41:21.676 [AWT-EventQueue-0] INFO   cgdp.corealign.DomCluster domNo=0, name=DYY97_RS07505, spec=gm10478
2024/12/17 08:41:21.676 [AWT-EventQueue-0] INFO   cgdp.corealign.DomCluster clustid=2074, order=0, coreidx1=1036, coreidx2=1036
2024/12/17 08:41:21.676 [AWT-EventQueue-0] INFO   cgdp.corealign.DomCluster domNo=0, name=LCABL_RS08770, spec=lcb
2024/12/17 08:41:21.676 [AWT-EventQueue-0] INFO   cgdp.corealign.DomCluster clustid=2074, order=0, coreidx1=1036, coreidx2=1036
2024/12/17 08:41:21.676 [AWT-EventQueue-0] INFO   cgdp.corealign.DomCluster domNo=0, name=BN194_RS08790, spec=lcw
2024/12/17 08:41:21.676 [AWT-EventQueue-0] INFO   cgdp.corealign.DomCluster clustid=2074, order=0, coreidx1=1036, coreidx2=1036
2024/12/17 08:41:21.676 [AWT-EventQueue-0] INFO   cgdp.corealign.DomCluster domNo=0, name=LCA12A_RS07440, spec=lcx
2024/12/17 08:41:21.676 [AWT-EventQueue-0] INFO   cgdp.corealign.DomCluster clustid=2074, order=0, coreidx1=1036, coreidx2=1036
2024/12/17 08:41:21.676 [AWT-EventQueue-0] INFO   cgdp.corealign.Cluster Cluster id=2101, name=2101
2024/12/17 08:41:21.676 [AWT-EventQueue-0] INFO   cgdp.corealign.DomCluster domNo=0, name=LBCZ_RS07515, spec=gm04274
2024/12/17 08:41:21.676 [AWT-EventQueue-0] INFO   cgdp.corealign.DomCluster clustid=2101, order=0, coreidx1=1041, coreidx2=1041
2024/12/17 08:41:21.676 [AWT-EventQueue-0] INFO   cgdp.corealign.DomCluster domNo=0, name=LCYAK_RS08535, spec=gm05061
2024/12/17 08:41:21.676 [AWT-EventQueue-0] INFO   cgdp.corealign.DomCluster clustid=2101, order=0, coreidx1=1041, coreidx2=1041
2024/12/17 08:41:21.676 [AWT-EventQueue-0] INFO   cgdp.corealign.DomCluster domNo=0, name=LCACT_RS08715, spec=gm05066
2024/12/17 08:41:21.676 [AWT-EventQueue-0] INFO   cgdp.corealign.DomCluster clustid=2101, order=0, coreidx1=1041, coreidx2=1041
2024/12/17 08:41:21.676 [AWT-EventQueue-0] INFO   cgdp.corealign.DomCluster domNo=0, name=BGL52_RS08190, spec=gm08549
2024/12/17 08:41:21.676 [AWT-EventQueue-0] INFO   cgdp.corealign.DomCluster clustid=2101, order=0, coreidx1=1041, coreidx2=1041
2024/12/17 08:41:21.676 [AWT-EventQueue-0] INFO   cgdp.corealign.DomCluster domNo=0, name=DYY97_RS07535, spec=gm10478
2024/12/17 08:41:21.676 [AWT-EventQueue-0] INFO   cgdp.corealign.DomCluster clustid=2101, order=0, coreidx1=1041, coreidx2=1041
2024/12/17 08:41:21.676 [AWT-EventQueue-0] INFO   cgdp.corealign.DomCluster domNo=0, name=LCABL_RS08795, spec=lcb
2024/12/17 08:41:21.676 [AWT-EventQueue-0] INFO   cgdp.corealign.DomCluster clustid=2101, order=0, coreidx1=1041, coreidx2=1041
2024/12/17 08:41:21.676 [AWT-EventQueue-0] INFO   cgdp.corealign.DomCluster domNo=0, name=BN194_RS08815, spec=lcw
2024/12/17 08:41:21.676 [AWT-EventQueue-0] INFO   cgdp.corealign.DomCluster clustid=2101, order=0, coreidx1=1041, coreidx2=1041
2024/12/17 08:41:21.676 [AWT-EventQueue-0] INFO   cgdp.corealign.DomCluster domNo=0, name=LCA12A_RS07465, spec=lcx
2024/12/17 08:41:21.676 [AWT-EventQueue-0] INFO   cgdp.corealign.DomCluster clustid=2101, order=0, coreidx1=1041, coreidx2=1041
2024/12/17 08:41:21.676 [AWT-EventQueue-0] INFO   cgdp.corealign.Cluster Cluster id=1947, name=1947
2024/12/17 08:41:21.676 [AWT-EventQueue-0] INFO   cgdp.corealign.DomCluster domNo=0, name=LBCZ_RS08245, spec=gm04274
2024/12/17 08:41:21.676 [AWT-EventQueue-0] INFO   cgdp.corealign.DomCluster clustid=1947, order=0, coreidx1=1166, coreidx2=1166
2024/12/17 08:41:21.676 [AWT-EventQueue-0] INFO   cgdp.corealign.DomCluster domNo=0, name=LCYAK_RS09195, spec=gm05061
2024/12/17 08:41:21.676 [AWT-EventQueue-0] INFO   cgdp.corealign.DomCluster clustid=1947, order=0, coreidx1=1166, coreidx2=1166
2024/12/17 08:41:21.676 [AWT-EventQueue-0] INFO   cgdp.corealign.DomCluster domNo=0, name=LCACT_RS09375, spec=gm05066
2024/12/17 08:41:21.676 [AWT-EventQueue-0] INFO   cgdp.corealign.DomCluster clustid=1947, order=0, coreidx1=1166, coreidx2=1166
2024/12/17 08:41:21.676 [AWT-EventQueue-0] INFO   cgdp.corealign.DomCluster domNo=0, name=BGL52_RS08910, spec=gm08549
2024/12/17 08:41:21.676 [AWT-EventQueue-0] INFO   cgdp.corealign.DomCluster clustid=1947, order=0, coreidx1=1166, coreidx2=1166
2024/12/17 08:41:21.677 [AWT-EventQueue-0] INFO   cgdp.corealign.DomCluster domNo=0, name=DYY97_RS08220, spec=gm10478
2024/12/17 08:41:21.677 [AWT-EventQueue-0] INFO   cgdp.corealign.DomCluster clustid=1947, order=0, coreidx1=1166, coreidx2=1166
2024/12/17 08:41:21.677 [AWT-EventQueue-0] INFO   cgdp.corealign.DomCluster domNo=0, name=LCABL_RS09455, spec=lcb
2024/12/17 08:41:21.677 [AWT-EventQueue-0] INFO   cgdp.corealign.DomCluster clustid=1947, order=0, coreidx1=1166, coreidx2=1166
2024/12/17 08:41:21.677 [AWT-EventQueue-0] INFO   cgdp.corealign.DomCluster domNo=0, name=BN194_RS09490, spec=lcw
2024/12/17 08:41:21.677 [AWT-EventQueue-0] INFO   cgdp.corealign.DomCluster clustid=1947, order=0, coreidx1=1166, coreidx2=1166
2024/12/17 08:41:21.677 [AWT-EventQueue-0] INFO   cgdp.corealign.DomCluster domNo=0, name=LCA12A_RS08395, spec=lcx
2024/12/17 08:41:21.677 [AWT-EventQueue-0] INFO   cgdp.corealign.DomCluster clustid=1947, order=0, coreidx1=1166, coreidx2=1166
2024/12/17 08:41:21.677 [AWT-EventQueue-0] INFO   cgdp.corealign.Cluster Cluster id=1671, name=1671
2024/12/17 08:41:21.677 [AWT-EventQueue-0] INFO   cgdp.corealign.DomCluster domNo=0, name=LBCZ_RS07790, spec=gm04274
2024/12/17 08:41:21.677 [AWT-EventQueue-0] INFO   cgdp.corealign.DomCluster clustid=1671, order=0, coreidx1=1096, coreidx2=1096
2024/12/17 08:41:21.677 [AWT-EventQueue-0] INFO   cgdp.corealign.DomCluster domNo=0, name=LCYAK_RS08810, spec=gm05061
2024/12/17 08:41:21.677 [AWT-EventQueue-0] INFO   cgdp.corealign.DomCluster clustid=1671, order=0, coreidx1=1096, coreidx2=1096
2024/12/17 08:41:21.677 [AWT-EventQueue-0] INFO   cgdp.corealign.DomCluster domNo=0, name=LCACT_RS08990, spec=gm05066
2024/12/17 08:41:21.677 [AWT-EventQueue-0] INFO   cgdp.corealign.DomCluster clustid=1671, order=0, coreidx1=1096, coreidx2=1096
2024/12/17 08:41:21.677 [AWT-EventQueue-0] INFO   cgdp.corealign.DomCluster domNo=0, name=BGL52_RS08480, spec=gm08549
2024/12/17 08:41:21.677 [AWT-EventQueue-0] INFO   cgdp.corealign.DomCluster clustid=1671, order=0, coreidx1=1096, coreidx2=1096
2024/12/17 08:41:21.677 [AWT-EventQueue-0] INFO   cgdp.corealign.DomCluster domNo=0, name=DYY97_RS07820, spec=gm10478
2024/12/17 08:41:21.677 [AWT-EventQueue-0] INFO   cgdp.corealign.DomCluster clustid=1671, order=0, coreidx1=1096, coreidx2=1096
2024/12/17 08:41:21.677 [AWT-EventQueue-0] INFO   cgdp.corealign.DomCluster domNo=0, name=LCABL_RS09070, spec=lcb
2024/12/17 08:41:21.677 [AWT-EventQueue-0] INFO   cgdp.corealign.DomCluster clustid=1671, order=0, coreidx1=1096, coreidx2=1096
2024/12/17 08:41:21.677 [AWT-EventQueue-0] INFO   cgdp.corealign.DomCluster domNo=0, name=BN194_RS09100, spec=lcw
2024/12/17 08:41:21.677 [AWT-EventQueue-0] INFO   cgdp.corealign.DomCluster clustid=1671, order=0, coreidx1=1096, coreidx2=1096
2024/12/17 08:41:21.677 [AWT-EventQueue-0] INFO   cgdp.corealign.DomCluster domNo=0, name=LCA12A_RS08015, spec=lcx
2024/12/17 08:41:21.677 [AWT-EventQueue-0] INFO   cgdp.corealign.DomCluster clustid=1671, order=0, coreidx1=1096, coreidx2=1096
2024/12/17 08:41:21.677 [AWT-EventQueue-0] INFO   cgdp.corealign.Cluster Cluster id=2189, name=2189
2024/12/17 08:41:21.677 [AWT-EventQueue-0] INFO   cgdp.corealign.DomCluster domNo=0, name=LBCZ_RS08005, spec=gm04274
2024/12/17 08:41:21.677 [AWT-EventQueue-0] INFO   cgdp.corealign.DomCluster clustid=2189, order=0, coreidx1=1134, coreidx2=1134
2024/12/17 08:41:21.677 [AWT-EventQueue-0] INFO   cgdp.corealign.DomCluster domNo=0, name=LCYAK_RS09030, spec=gm05061
2024/12/17 08:41:21.677 [AWT-EventQueue-0] INFO   cgdp.corealign.DomCluster clustid=2189, order=0, coreidx1=1134, coreidx2=1134
2024/12/17 08:41:21.677 [AWT-EventQueue-0] INFO   cgdp.corealign.DomCluster domNo=0, name=LCACT_RS09210, spec=gm05066
2024/12/17 08:41:21.677 [AWT-EventQueue-0] INFO   cgdp.corealign.DomCluster clustid=2189, order=0, coreidx1=1134, coreidx2=1134
2024/12/17 08:41:21.677 [AWT-EventQueue-0] INFO   cgdp.corealign.DomCluster domNo=0, name=BGL52_RS08690, spec=gm08549
2024/12/17 08:41:21.677 [AWT-EventQueue-0] INFO   cgdp.corealign.DomCluster clustid=2189, order=0, coreidx1=1134, coreidx2=1134
2024/12/17 08:41:21.677 [AWT-EventQueue-0] INFO   cgdp.corealign.DomCluster domNo=0, name=DYY97_RS08030, spec=gm10478
2024/12/17 08:41:21.677 [AWT-EventQueue-0] INFO   cgdp.corealign.DomCluster clustid=2189, order=0, coreidx1=1134, coreidx2=1134
2024/12/17 08:41:21.677 [AWT-EventQueue-0] INFO   cgdp.corealign.DomCluster domNo=0, name=LCABL_RS09290, spec=lcb
2024/12/17 08:41:21.677 [AWT-EventQueue-0] INFO   cgdp.corealign.DomCluster clustid=2189, order=0, coreidx1=1134, coreidx2=1134
2024/12/17 08:41:21.677 [AWT-EventQueue-0] INFO   cgdp.corealign.DomCluster domNo=0, name=BN194_RS09325, spec=lcw
2024/12/17 08:41:21.677 [AWT-EventQueue-0] INFO   cgdp.corealign.DomCluster clustid=2189, order=0, coreidx1=1134, coreidx2=1134
2024/12/17 08:41:21.677 [AWT-EventQueue-0] INFO   cgdp.corealign.DomCluster domNo=0, name=LCA12A_RS08230, spec=lcx
2024/12/17 08:41:21.677 [AWT-EventQueue-0] INFO   cgdp.corealign.DomCluster clustid=2189, order=0, coreidx1=1134, coreidx2=1134
2024/12/17 08:41:21.677 [AWT-EventQueue-0] INFO   cgdp.corealign.Cluster Cluster id=2503, name=2503
2024/12/17 08:41:21.677 [AWT-EventQueue-0] INFO   cgdp.corealign.DomCluster domNo=0, name=LCYAK_RS08585, spec=gm05061
2024/12/17 08:41:21.677 [AWT-EventQueue-0] INFO   cgdp.corealign.DomCluster clustid=2503, order=0, coreidx1=1051, coreidx2=1051
2024/12/17 08:41:21.677 [AWT-EventQueue-0] INFO   cgdp.corealign.DomCluster domNo=0, name=LCACT_RS08765, spec=gm05066
2024/12/17 08:41:21.677 [AWT-EventQueue-0] INFO   cgdp.corealign.DomCluster clustid=2503, order=0, coreidx1=1051, coreidx2=1051
2024/12/17 08:41:21.677 [AWT-EventQueue-0] INFO   cgdp.corealign.DomCluster domNo=0, name=BGL52_RS08240, spec=gm08549
2024/12/17 08:41:21.677 [AWT-EventQueue-0] INFO   cgdp.corealign.DomCluster clustid=2503, order=0, coreidx1=1051, coreidx2=1051
2024/12/17 08:41:21.677 [AWT-EventQueue-0] INFO   cgdp.corealign.DomCluster domNo=0, name=DYY97_RS07585, spec=gm10478
2024/12/17 08:41:21.677 [AWT-EventQueue-0] INFO   cgdp.corealign.DomCluster clustid=2503, order=0, coreidx1=1051, coreidx2=1051
2024/12/17 08:41:21.677 [AWT-EventQueue-0] INFO   cgdp.corealign.DomCluster domNo=0, name=LCABL_RS08845, spec=lcb
2024/12/17 08:41:21.677 [AWT-EventQueue-0] INFO   cgdp.corealign.DomCluster clustid=2503, order=0, coreidx1=1051, coreidx2=1051
2024/12/17 08:41:21.677 [AWT-EventQueue-0] INFO   cgdp.corealign.DomCluster domNo=0, name=BN194_RS08865, spec=lcw
2024/12/17 08:41:21.677 [AWT-EventQueue-0] INFO   cgdp.corealign.DomCluster clustid=2503, order=0, coreidx1=1051, coreidx2=1051
2024/12/17 08:41:21.677 [AWT-EventQueue-0] INFO   cgdp.corealign.DomCluster domNo=0, name=LCA12A_RS07795, spec=lcx
2024/12/17 08:41:21.677 [AWT-EventQueue-0] INFO   cgdp.corealign.DomCluster clustid=2503, order=0, coreidx1=1051, coreidx2=1051
2024/12/17 08:41:21.677 [AWT-EventQueue-0] INFO   cgdp.corealign.Cluster Cluster id=1542, name=1542
2024/12/17 08:41:21.677 [AWT-EventQueue-0] INFO   cgdp.corealign.DomCluster domNo=0, name=LBCZ_RS07805, spec=gm04274
2024/12/17 08:41:21.677 [AWT-EventQueue-0] INFO   cgdp.corealign.DomCluster clustid=1542, order=0, coreidx1=1099, coreidx2=1099
2024/12/17 08:41:21.677 [AWT-EventQueue-0] INFO   cgdp.corealign.DomCluster domNo=0, name=LCYAK_RS08825, spec=gm05061
2024/12/17 08:41:21.677 [AWT-EventQueue-0] INFO   cgdp.corealign.DomCluster clustid=1542, order=0, coreidx1=1099, coreidx2=1099
2024/12/17 08:41:21.677 [AWT-EventQueue-0] INFO   cgdp.corealign.DomCluster domNo=0, name=LCACT_RS09005, spec=gm05066
2024/12/17 08:41:21.677 [AWT-EventQueue-0] INFO   cgdp.corealign.DomCluster clustid=1542, order=0, coreidx1=1099, coreidx2=1099
2024/12/17 08:41:21.677 [AWT-EventQueue-0] INFO   cgdp.corealign.DomCluster domNo=0, name=BGL52_RS08495, spec=gm08549
2024/12/17 08:41:21.677 [AWT-EventQueue-0] INFO   cgdp.corealign.DomCluster clustid=1542, order=0, coreidx1=1099, coreidx2=1099
2024/12/17 08:41:21.677 [AWT-EventQueue-0] INFO   cgdp.corealign.DomCluster domNo=0, name=DYY97_RS07835, spec=gm10478
2024/12/17 08:41:21.677 [AWT-EventQueue-0] INFO   cgdp.corealign.DomCluster clustid=1542, order=0, coreidx1=1099, coreidx2=1099
2024/12/17 08:41:21.677 [AWT-EventQueue-0] INFO   cgdp.corealign.DomCluster domNo=0, name=LCABL_RS09085, spec=lcb
2024/12/17 08:41:21.677 [AWT-EventQueue-0] INFO   cgdp.corealign.DomCluster clustid=1542, order=0, coreidx1=1099, coreidx2=1099
2024/12/17 08:41:21.677 [AWT-EventQueue-0] INFO   cgdp.corealign.DomCluster domNo=0, name=BN194_RS09115, spec=lcw
2024/12/17 08:41:21.677 [AWT-EventQueue-0] INFO   cgdp.corealign.DomCluster clustid=1542, order=0, coreidx1=1099, coreidx2=1099
2024/12/17 08:41:21.677 [AWT-EventQueue-0] INFO   cgdp.corealign.DomCluster domNo=0, name=LCA12A_RS08030, spec=lcx
2024/12/17 08:41:21.677 [AWT-EventQueue-0] INFO   cgdp.corealign.DomCluster clustid=1542, order=0, coreidx1=1099, coreidx2=1099
2024/12/17 08:41:21.677 [AWT-EventQueue-0] INFO   cgdp.corealign.Cluster Cluster id=2177, name=2177
2024/12/17 08:41:21.677 [AWT-EventQueue-0] INFO   cgdp.corealign.DomCluster domNo=0, name=LBCZ_RS07980, spec=gm04274
2024/12/17 08:41:21.677 [AWT-EventQueue-0] INFO   cgdp.corealign.DomCluster clustid=2177, order=0, coreidx1=1129, coreidx2=1129
2024/12/17 08:41:21.677 [AWT-EventQueue-0] INFO   cgdp.corealign.DomCluster domNo=0, name=LCYAK_RS09000, spec=gm05061
2024/12/17 08:41:21.677 [AWT-EventQueue-0] INFO   cgdp.corealign.DomCluster clustid=2177, order=0, coreidx1=1129, coreidx2=1129
2024/12/17 08:41:21.677 [AWT-EventQueue-0] INFO   cgdp.corealign.DomCluster domNo=0, name=LCACT_RS09180, spec=gm05066
2024/12/17 08:41:21.677 [AWT-EventQueue-0] INFO   cgdp.corealign.DomCluster clustid=2177, order=0, coreidx1=1129, coreidx2=1129
2024/12/17 08:41:21.677 [AWT-EventQueue-0] INFO   cgdp.corealign.DomCluster domNo=0, name=BGL52_RS08665, spec=gm08549
2024/12/17 08:41:21.677 [AWT-EventQueue-0] INFO   cgdp.corealign.DomCluster clustid=2177, order=0, coreidx1=1129, coreidx2=1129
2024/12/17 08:41:21.677 [AWT-EventQueue-0] INFO   cgdp.corealign.DomCluster domNo=0, name=DYY97_RS08005, spec=gm10478
2024/12/17 08:41:21.677 [AWT-EventQueue-0] INFO   cgdp.corealign.DomCluster clustid=2177, order=0, coreidx1=1129, coreidx2=1129
2024/12/17 08:41:21.678 [AWT-EventQueue-0] INFO   cgdp.corealign.DomCluster domNo=0, name=LCABL_RS09260, spec=lcb
2024/12/17 08:41:21.678 [AWT-EventQueue-0] INFO   cgdp.corealign.DomCluster clustid=2177, order=0, coreidx1=1129, coreidx2=1129
2024/12/17 08:41:21.678 [AWT-EventQueue-0] INFO   cgdp.corealign.DomCluster domNo=0, name=BN194_RS09295, spec=lcw
2024/12/17 08:41:21.678 [AWT-EventQueue-0] INFO   cgdp.corealign.DomCluster clustid=2177, order=0, coreidx1=1129, coreidx2=1129
2024/12/17 08:41:21.678 [AWT-EventQueue-0] INFO   cgdp.corealign.DomCluster domNo=0, name=LCA12A_RS08195, spec=lcx
2024/12/17 08:41:21.678 [AWT-EventQueue-0] INFO   cgdp.corealign.DomCluster clustid=2177, order=0, coreidx1=1129, coreidx2=1129
2024/12/17 08:41:21.678 [AWT-EventQueue-0] INFO   cgdp.corealign.Cluster Cluster id=1435, name=1435
2024/12/17 08:41:21.678 [AWT-EventQueue-0] INFO   cgdp.corealign.DomCluster domNo=0, name=LBCZ_RS07885, spec=gm04274
2024/12/17 08:41:21.678 [AWT-EventQueue-0] INFO   cgdp.corealign.DomCluster clustid=1435, order=0, coreidx1=1113, coreidx2=1113
2024/12/17 08:41:21.678 [AWT-EventQueue-0] INFO   cgdp.corealign.DomCluster domNo=0, name=LCYAK_RS08905, spec=gm05061
2024/12/17 08:41:21.678 [AWT-EventQueue-0] INFO   cgdp.corealign.DomCluster clustid=1435, order=0, coreidx1=1113, coreidx2=1113
2024/12/17 08:41:21.678 [AWT-EventQueue-0] INFO   cgdp.corealign.DomCluster domNo=0, name=LCACT_RS09085, spec=gm05066
2024/12/17 08:41:21.678 [AWT-EventQueue-0] INFO   cgdp.corealign.DomCluster clustid=1435, order=0, coreidx1=1113, coreidx2=1113
2024/12/17 08:41:21.678 [AWT-EventQueue-0] INFO   cgdp.corealign.DomCluster domNo=0, name=BGL52_RS08580, spec=gm08549
2024/12/17 08:41:21.678 [AWT-EventQueue-0] INFO   cgdp.corealign.DomCluster clustid=1435, order=0, coreidx1=1113, coreidx2=1113
2024/12/17 08:41:21.678 [AWT-EventQueue-0] INFO   cgdp.corealign.DomCluster domNo=0, name=DYY97_RS07920, spec=gm10478
2024/12/17 08:41:21.678 [AWT-EventQueue-0] INFO   cgdp.corealign.DomCluster clustid=1435, order=0, coreidx1=1113, coreidx2=1113
2024/12/17 08:41:21.678 [AWT-EventQueue-0] INFO   cgdp.corealign.DomCluster domNo=0, name=LCABL_RS09165, spec=lcb
2024/12/17 08:41:21.678 [AWT-EventQueue-0] INFO   cgdp.corealign.DomCluster clustid=1435, order=0, coreidx1=1113, coreidx2=1113
2024/12/17 08:41:21.678 [AWT-EventQueue-0] INFO   cgdp.corealign.DomCluster domNo=0, name=BN194_RS09200, spec=lcw
2024/12/17 08:41:21.678 [AWT-EventQueue-0] INFO   cgdp.corealign.DomCluster clustid=1435, order=0, coreidx1=1113, coreidx2=1113
2024/12/17 08:41:21.678 [AWT-EventQueue-0] INFO   cgdp.corealign.DomCluster domNo=0, name=LCA12A_RS08110, spec=lcx
2024/12/17 08:41:21.678 [AWT-EventQueue-0] INFO   cgdp.corealign.DomCluster clustid=1435, order=0, coreidx1=1113, coreidx2=1113
2024/12/17 08:41:21.678 [AWT-EventQueue-0] INFO   cgdp.corealign.Cluster Cluster id=2683, name=2683
2024/12/17 08:41:21.678 [AWT-EventQueue-0] INFO   cgdp.corealign.DomCluster domNo=0, name=LBCZ_RS08335, spec=gm04274
2024/12/17 08:41:21.678 [AWT-EventQueue-0] INFO   cgdp.corealign.DomCluster clustid=2683, order=0, coreidx1=1182, coreidx2=1182
2024/12/17 08:41:21.678 [AWT-EventQueue-0] INFO   cgdp.corealign.DomCluster domNo=0, name=LCYAK_RS09280, spec=gm05061
2024/12/17 08:41:21.678 [AWT-EventQueue-0] INFO   cgdp.corealign.DomCluster clustid=2683, order=0, coreidx1=1182, coreidx2=1182
2024/12/17 08:41:21.678 [AWT-EventQueue-0] INFO   cgdp.corealign.DomCluster domNo=0, name=LCACT_RS09460, spec=gm05066
2024/12/17 08:41:21.678 [AWT-EventQueue-0] INFO   cgdp.corealign.DomCluster clustid=2683, order=0, coreidx1=1182, coreidx2=1182
2024/12/17 08:41:21.678 [AWT-EventQueue-0] INFO   cgdp.corealign.DomCluster domNo=0, name=BGL52_RS09000, spec=gm08549
2024/12/17 08:41:21.678 [AWT-EventQueue-0] INFO   cgdp.corealign.DomCluster clustid=2683, order=0, coreidx1=1182, coreidx2=1182
2024/12/17 08:41:21.678 [AWT-EventQueue-0] INFO   cgdp.corealign.DomCluster domNo=0, name=DYY97_RS08310, spec=gm10478
2024/12/17 08:41:21.678 [AWT-EventQueue-0] INFO   cgdp.corealign.DomCluster clustid=2683, order=0, coreidx1=1182, coreidx2=1182
2024/12/17 08:41:21.678 [AWT-EventQueue-0] INFO   cgdp.corealign.DomCluster domNo=0, name=LCABL_RS09540, spec=lcb
2024/12/17 08:41:21.678 [AWT-EventQueue-0] INFO   cgdp.corealign.DomCluster clustid=2683, order=0, coreidx1=1182, coreidx2=1182
2024/12/17 08:41:21.678 [AWT-EventQueue-0] INFO   cgdp.corealign.DomCluster domNo=0, name=BN194_RS09575, spec=lcw
2024/12/17 08:41:21.678 [AWT-EventQueue-0] INFO   cgdp.corealign.DomCluster clustid=2683, order=0, coreidx1=1182, coreidx2=1182
2024/12/17 08:41:21.678 [AWT-EventQueue-0] INFO   cgdp.corealign.Cluster Cluster id=1989, name=1989
2024/12/17 08:41:21.678 [AWT-EventQueue-0] INFO   cgdp.corealign.DomCluster domNo=0, name=LBCZ_RS08025, spec=gm04274
2024/12/17 08:41:21.678 [AWT-EventQueue-0] INFO   cgdp.corealign.DomCluster clustid=1989, order=0, coreidx1=1138, coreidx2=1138
2024/12/17 08:41:21.678 [AWT-EventQueue-0] INFO   cgdp.corealign.DomCluster domNo=0, name=LCYAK_RS09050, spec=gm05061
2024/12/17 08:41:21.678 [AWT-EventQueue-0] INFO   cgdp.corealign.DomCluster clustid=1989, order=0, coreidx1=1138, coreidx2=1138
2024/12/17 08:41:21.678 [AWT-EventQueue-0] INFO   cgdp.corealign.DomCluster domNo=0, name=LCACT_RS09230, spec=gm05066
2024/12/17 08:41:21.678 [AWT-EventQueue-0] INFO   cgdp.corealign.DomCluster clustid=1989, order=0, coreidx1=1138, coreidx2=1138
2024/12/17 08:41:21.678 [AWT-EventQueue-0] INFO   cgdp.corealign.DomCluster domNo=0, name=BGL52_RS08710, spec=gm08549
2024/12/17 08:41:21.678 [AWT-EventQueue-0] INFO   cgdp.corealign.DomCluster clustid=1989, order=0, coreidx1=1138, coreidx2=1138
2024/12/17 08:41:21.678 [AWT-EventQueue-0] INFO   cgdp.corealign.DomCluster domNo=0, name=DYY97_RS08050, spec=gm10478
2024/12/17 08:41:21.678 [AWT-EventQueue-0] INFO   cgdp.corealign.DomCluster clustid=1989, order=0, coreidx1=1138, coreidx2=1138
2024/12/17 08:41:21.678 [AWT-EventQueue-0] INFO   cgdp.corealign.DomCluster domNo=0, name=LCABL_RS09310, spec=lcb
2024/12/17 08:41:21.678 [AWT-EventQueue-0] INFO   cgdp.corealign.DomCluster clustid=1989, order=0, coreidx1=1138, coreidx2=1138
2024/12/17 08:41:21.678 [AWT-EventQueue-0] INFO   cgdp.corealign.DomCluster domNo=0, name=BN194_RS09345, spec=lcw
2024/12/17 08:41:21.678 [AWT-EventQueue-0] INFO   cgdp.corealign.DomCluster clustid=1989, order=0, coreidx1=1138, coreidx2=1138
2024/12/17 08:41:21.678 [AWT-EventQueue-0] INFO   cgdp.corealign.DomCluster domNo=0, name=LCA12A_RS08250, spec=lcx
2024/12/17 08:41:21.678 [AWT-EventQueue-0] INFO   cgdp.corealign.DomCluster clustid=1989, order=0, coreidx1=1138, coreidx2=1138
2024/12/17 08:41:21.678 [AWT-EventQueue-0] INFO   cgdp.corealign.Cluster Cluster id=205, name=205
2024/12/17 08:41:21.678 [AWT-EventQueue-0] INFO   cgdp.corealign.DomCluster domNo=0, name=LBCZ_RS07990, spec=gm04274
2024/12/17 08:41:21.678 [AWT-EventQueue-0] INFO   cgdp.corealign.DomCluster clustid=205, order=0, coreidx1=1131, coreidx2=1131
2024/12/17 08:41:21.678 [AWT-EventQueue-0] INFO   cgdp.corealign.DomCluster domNo=0, name=LCYAK_RS09010, spec=gm05061
2024/12/17 08:41:21.678 [AWT-EventQueue-0] INFO   cgdp.corealign.DomCluster clustid=205, order=0, coreidx1=1131, coreidx2=1131
2024/12/17 08:41:21.678 [AWT-EventQueue-0] INFO   cgdp.corealign.DomCluster domNo=0, name=LCACT_RS09190, spec=gm05066
2024/12/17 08:41:21.678 [AWT-EventQueue-0] INFO   cgdp.corealign.DomCluster clustid=205, order=0, coreidx1=1131, coreidx2=1131
2024/12/17 08:41:21.678 [AWT-EventQueue-0] INFO   cgdp.corealign.DomCluster domNo=0, name=BGL52_RS08675, spec=gm08549
2024/12/17 08:41:21.678 [AWT-EventQueue-0] INFO   cgdp.corealign.DomCluster clustid=205, order=0, coreidx1=1131, coreidx2=1131
2024/12/17 08:41:21.678 [AWT-EventQueue-0] INFO   cgdp.corealign.DomCluster domNo=0, name=DYY97_RS08015, spec=gm10478
2024/12/17 08:41:21.678 [AWT-EventQueue-0] INFO   cgdp.corealign.DomCluster clustid=205, order=0, coreidx1=1131, coreidx2=1131
2024/12/17 08:41:21.678 [AWT-EventQueue-0] INFO   cgdp.corealign.DomCluster domNo=0, name=LCABL_RS09270, spec=lcb
2024/12/17 08:41:21.678 [AWT-EventQueue-0] INFO   cgdp.corealign.DomCluster clustid=205, order=0, coreidx1=1131, coreidx2=1131
2024/12/17 08:41:21.678 [AWT-EventQueue-0] INFO   cgdp.corealign.DomCluster domNo=0, name=BN194_RS09305, spec=lcw
2024/12/17 08:41:21.678 [AWT-EventQueue-0] INFO   cgdp.corealign.DomCluster clustid=205, order=0, coreidx1=1131, coreidx2=1131
2024/12/17 08:41:21.678 [AWT-EventQueue-0] INFO   cgdp.corealign.DomCluster domNo=0, name=LCA12A_RS08210, spec=lcx
2024/12/17 08:41:21.678 [AWT-EventQueue-0] INFO   cgdp.corealign.DomCluster clustid=205, order=0, coreidx1=1131, coreidx2=1131
2024/12/17 08:41:21.678 [AWT-EventQueue-0] INFO   cgdp.corealign.Cluster Cluster id=169, name=169
2024/12/17 08:41:21.678 [AWT-EventQueue-0] INFO   cgdp.corealign.DomCluster domNo=0, name=LBCZ_RS07550, spec=gm04274
2024/12/17 08:41:21.678 [AWT-EventQueue-0] INFO   cgdp.corealign.DomCluster clustid=169, order=0, coreidx1=1048, coreidx2=1048
2024/12/17 08:41:21.678 [AWT-EventQueue-0] INFO   cgdp.corealign.DomCluster domNo=0, name=LCYAK_RS08570, spec=gm05061
2024/12/17 08:41:21.678 [AWT-EventQueue-0] INFO   cgdp.corealign.DomCluster clustid=169, order=0, coreidx1=1048, coreidx2=1048
2024/12/17 08:41:21.678 [AWT-EventQueue-0] INFO   cgdp.corealign.DomCluster domNo=0, name=LCACT_RS08750, spec=gm05066
2024/12/17 08:41:21.678 [AWT-EventQueue-0] INFO   cgdp.corealign.DomCluster clustid=169, order=0, coreidx1=1048, coreidx2=1048
2024/12/17 08:41:21.678 [AWT-EventQueue-0] INFO   cgdp.corealign.DomCluster domNo=0, name=BGL52_RS08225, spec=gm08549
2024/12/17 08:41:21.678 [AWT-EventQueue-0] INFO   cgdp.corealign.DomCluster clustid=169, order=0, coreidx1=1048, coreidx2=1048
2024/12/17 08:41:21.678 [AWT-EventQueue-0] INFO   cgdp.corealign.DomCluster domNo=0, name=DYY97_RS07570, spec=gm10478
2024/12/17 08:41:21.678 [AWT-EventQueue-0] INFO   cgdp.corealign.DomCluster clustid=169, order=0, coreidx1=1048, coreidx2=1048
2024/12/17 08:41:21.678 [AWT-EventQueue-0] INFO   cgdp.corealign.DomCluster domNo=0, name=LCABL_RS08830, spec=lcb
2024/12/17 08:41:21.678 [AWT-EventQueue-0] INFO   cgdp.corealign.DomCluster clustid=169, order=0, coreidx1=1048, coreidx2=1048
2024/12/17 08:41:21.678 [AWT-EventQueue-0] INFO   cgdp.corealign.DomCluster domNo=0, name=BN194_RS08850, spec=lcw
2024/12/17 08:41:21.678 [AWT-EventQueue-0] INFO   cgdp.corealign.DomCluster clustid=169, order=0, coreidx1=1048, coreidx2=1048
2024/12/17 08:41:21.678 [AWT-EventQueue-0] INFO   cgdp.corealign.DomCluster domNo=0, name=LCA12A_RS07780, spec=lcx
2024/12/17 08:41:21.678 [AWT-EventQueue-0] INFO   cgdp.corealign.DomCluster clustid=169, order=0, coreidx1=1048, coreidx2=1048
2024/12/17 08:41:21.678 [AWT-EventQueue-0] INFO   cgdp.corealign.Cluster Cluster id=1465, name=1465
2024/12/17 08:41:21.678 [AWT-EventQueue-0] INFO   cgdp.corealign.DomCluster domNo=0, name=LBCZ_RS07560, spec=gm04274
2024/12/17 08:41:21.678 [AWT-EventQueue-0] INFO   cgdp.corealign.DomCluster clustid=1465, order=0, coreidx1=1050, coreidx2=1050
2024/12/17 08:41:21.678 [AWT-EventQueue-0] INFO   cgdp.corealign.DomCluster domNo=0, name=LCYAK_RS08580, spec=gm05061
2024/12/17 08:41:21.678 [AWT-EventQueue-0] INFO   cgdp.corealign.DomCluster clustid=1465, order=0, coreidx1=1050, coreidx2=1050
2024/12/17 08:41:21.678 [AWT-EventQueue-0] INFO   cgdp.corealign.DomCluster domNo=0, name=LCACT_RS08760, spec=gm05066
2024/12/17 08:41:21.678 [AWT-EventQueue-0] INFO   cgdp.corealign.DomCluster clustid=1465, order=0, coreidx1=1050, coreidx2=1050
2024/12/17 08:41:21.678 [AWT-EventQueue-0] INFO   cgdp.corealign.DomCluster domNo=0, name=BGL52_RS08235, spec=gm08549
2024/12/17 08:41:21.678 [AWT-EventQueue-0] INFO   cgdp.corealign.DomCluster clustid=1465, order=0, coreidx1=1050, coreidx2=1050
2024/12/17 08:41:21.678 [AWT-EventQueue-0] INFO   cgdp.corealign.DomCluster domNo=0, name=DYY97_RS07580, spec=gm10478
2024/12/17 08:41:21.678 [AWT-EventQueue-0] INFO   cgdp.corealign.DomCluster clustid=1465, order=0, coreidx1=1050, coreidx2=1050
2024/12/17 08:41:21.678 [AWT-EventQueue-0] INFO   cgdp.corealign.DomCluster domNo=0, name=LCABL_RS08840, spec=lcb
2024/12/17 08:41:21.678 [AWT-EventQueue-0] INFO   cgdp.corealign.DomCluster clustid=1465, order=0, coreidx1=1050, coreidx2=1050
2024/12/17 08:41:21.678 [AWT-EventQueue-0] INFO   cgdp.corealign.DomCluster domNo=0, name=BN194_RS08860, spec=lcw
2024/12/17 08:41:21.678 [AWT-EventQueue-0] INFO   cgdp.corealign.DomCluster clustid=1465, order=0, coreidx1=1050, coreidx2=1050
2024/12/17 08:41:21.679 [AWT-EventQueue-0] INFO   cgdp.corealign.DomCluster domNo=0, name=LCA12A_RS07790, spec=lcx
2024/12/17 08:41:21.679 [AWT-EventQueue-0] INFO   cgdp.corealign.DomCluster clustid=1465, order=0, coreidx1=1050, coreidx2=1050
2024/12/17 08:41:21.679 [AWT-EventQueue-0] INFO   cgdp.corealign.Cluster Cluster id=1460, name=1460
2024/12/17 08:41:21.679 [AWT-EventQueue-0] INFO   cgdp.corealign.DomCluster domNo=0, name=LBCZ_RS07585, spec=gm04274
2024/12/17 08:41:21.679 [AWT-EventQueue-0] INFO   cgdp.corealign.DomCluster clustid=1460, order=0, coreidx1=1055, coreidx2=1055
2024/12/17 08:41:21.679 [AWT-EventQueue-0] INFO   cgdp.corealign.DomCluster domNo=0, name=LCYAK_RS08605, spec=gm05061
2024/12/17 08:41:21.679 [AWT-EventQueue-0] INFO   cgdp.corealign.DomCluster clustid=1460, order=0, coreidx1=1055, coreidx2=1055
2024/12/17 08:41:21.679 [AWT-EventQueue-0] INFO   cgdp.corealign.DomCluster domNo=0, name=LCACT_RS08785, spec=gm05066
2024/12/17 08:41:21.679 [AWT-EventQueue-0] INFO   cgdp.corealign.DomCluster clustid=1460, order=0, coreidx1=1055, coreidx2=1055
2024/12/17 08:41:21.679 [AWT-EventQueue-0] INFO   cgdp.corealign.DomCluster domNo=0, name=BGL52_RS08265, spec=gm08549
2024/12/17 08:41:21.679 [AWT-EventQueue-0] INFO   cgdp.corealign.DomCluster clustid=1460, order=0, coreidx1=1055, coreidx2=1055
2024/12/17 08:41:21.679 [AWT-EventQueue-0] INFO   cgdp.corealign.DomCluster domNo=0, name=DYY97_RS07605, spec=gm10478
2024/12/17 08:41:21.679 [AWT-EventQueue-0] INFO   cgdp.corealign.DomCluster clustid=1460, order=0, coreidx1=1055, coreidx2=1055
2024/12/17 08:41:21.679 [AWT-EventQueue-0] INFO   cgdp.corealign.DomCluster domNo=0, name=LCABL_RS08865, spec=lcb
2024/12/17 08:41:21.679 [AWT-EventQueue-0] INFO   cgdp.corealign.DomCluster clustid=1460, order=0, coreidx1=1055, coreidx2=1055
2024/12/17 08:41:21.679 [AWT-EventQueue-0] INFO   cgdp.corealign.DomCluster domNo=0, name=BN194_RS08885, spec=lcw
2024/12/17 08:41:21.679 [AWT-EventQueue-0] INFO   cgdp.corealign.DomCluster clustid=1460, order=0, coreidx1=1055, coreidx2=1055
2024/12/17 08:41:21.679 [AWT-EventQueue-0] INFO   cgdp.corealign.DomCluster domNo=0, name=LCA12A_RS07815, spec=lcx
2024/12/17 08:41:21.679 [AWT-EventQueue-0] INFO   cgdp.corealign.DomCluster clustid=1460, order=0, coreidx1=1055, coreidx2=1055
2024/12/17 08:41:40.162 [AWT-EventQueue-0] INFO   cgdp.corealign.ComparativeMapViewer statusfile=E:\MBGD\00.CoreAlign\test.taxTest\tax1582/tax1582.coaln.status
2024/12/17 08:42:32.585 [main] INFO   cgdp.corealign.CompareMapOpt --- Compare map options  ---
2024/12/17 08:42:32.585 [main] INFO   cgdp.corealign.CompareMapOpt refsp=null
2024/12/17 08:42:32.585 [main] INFO   cgdp.corealign.CompareMapOpt centerGene=null
2024/12/17 08:42:32.585 [main] INFO   cgdp.corealign.CompareMapOpt center=null
2024/12/17 08:42:32.585 [main] INFO   cgdp.corealign.CompareMapOpt nolink=true
2024/12/17 08:42:32.586 [main] INFO   cgdp.corealign.CompareMapOpt ConsRatio=0.8
2024/12/17 08:42:32.586 [main] INFO   cgdp.corealign.CompareMapOpt paper=null
2024/12/17 08:42:32.587 [main] INFO   cgdp.corealign.CompareMapOpt paper_width=1200
2024/12/17 08:42:32.587 [main] INFO   cgdp.corealign.CompareMapOpt paper_height=1600
2024/12/17 08:42:32.587 [main] INFO   cgdp.corealign.CompareMapOpt view_width=0
2024/12/17 08:42:32.587 [main] INFO   cgdp.corealign.CompareMapOpt colroMode=RGB
2024/12/17 08:42:32.587 [main] INFO   cgdp.corealign.CompareMapOpt shadow=null
2024/12/17 08:42:32.587 [main] INFO   cgdp.corealign.CompareMapOpt colorIslandMode=false
2024/12/17 08:42:32.587 [main] INFO   cgdp.corealign.CompareMapOpt chromosomeGapLen=10000
2024/12/17 08:42:32.587 [main] INFO   cgdp.corealign.CompareMapOpt chromosomeGapLenRatio=0.05
2024/12/17 08:42:32.587 [main] INFO   cgdp.corealign.CompareMapOpt moveWithinChrom=false
2024/12/17 08:42:32.588 [main] INFO   cgdp.corealign.CompareMapOpt orderFile=null
2024/12/17 08:42:32.588 [main] INFO   cgdp.corealign.CompareMapOpt altNameFile=null
2024/12/17 08:42:32.588 [main] INFO   cgdp.corealign.CompareMapOpt ----------------------------
2024/12/17 08:42:54.056 [AWT-EventQueue-0] INFO   cgdp.corealign.CompareMapOpt *** genefile=tax1582/tax1582.genetab readed
2024/12/17 08:42:54.058 [AWT-EventQueue-0] INFO   cgdp.corealign.GeneData ... genome.chromosomes.size() = gm04274, 0
2024/12/17 08:42:54.096 [AWT-EventQueue-0] INFO   cgdp.corealign.GeneData ... genome.chromosomes.size() = gm05061, 0
2024/12/17 08:42:54.116 [AWT-EventQueue-0] INFO   cgdp.corealign.GeneData ... genome.chromosomes.size() = gm05066, 0
2024/12/17 08:42:54.126 [AWT-EventQueue-0] INFO   cgdp.corealign.GeneData ... genome.chromosomes.size() = gm08549, 0
2024/12/17 08:42:54.136 [AWT-EventQueue-0] INFO   cgdp.corealign.GeneData ... genome.chromosomes.size() = gm10478, 0
2024/12/17 08:42:54.145 [AWT-EventQueue-0] INFO   cgdp.corealign.GeneData ... genome.chromosomes.size() = lcb, 0
2024/12/17 08:42:54.159 [AWT-EventQueue-0] INFO   cgdp.corealign.GeneData ... genome.chromosomes.size() = lcw, 0
2024/12/17 08:42:54.170 [AWT-EventQueue-0] INFO   cgdp.corealign.GeneData ... genome.chromosomes.size() = lcx, 0
2024/12/17 08:42:54.182 [AWT-EventQueue-0] INFO   cgdp.corealign.GeneData +++ genome.chromosomes.size() = lcx, 1
2024/12/17 08:42:54.182 [AWT-EventQueue-0] INFO   cgdp.corealign.GeneData +++ genome.chromosomes.size() = lcw, 2
2024/12/17 08:42:54.182 [AWT-EventQueue-0] INFO   cgdp.corealign.GeneData +++ genome.chromosomes.size() = gm05066, 2
2024/12/17 08:42:54.183 [AWT-EventQueue-0] INFO   cgdp.corealign.GeneData +++ genome.chromosomes.size() = lcb, 1
2024/12/17 08:42:54.183 [AWT-EventQueue-0] INFO   cgdp.corealign.GeneData +++ genome.chromosomes.size() = gm04274, 3
2024/12/17 08:42:54.183 [AWT-EventQueue-0] INFO   cgdp.corealign.GeneData +++ genome.chromosomes.size() = gm10478, 2
2024/12/17 08:42:54.184 [AWT-EventQueue-0] INFO   cgdp.corealign.GeneData +++ genome.chromosomes.size() = gm08549, 1
2024/12/17 08:42:54.184 [AWT-EventQueue-0] INFO   cgdp.corealign.GeneData +++ genome.chromosomes.size() = gm05061, 2
2024/12/17 08:42:54.184 [AWT-EventQueue-0] INFO   cgdp.corealign.GenomeData *** genome.chromosomes = 3
2024/12/17 08:42:54.185 [AWT-EventQueue-0] INFO   cgdp.corealign.GenomeData *** genome.chromosomes = 2
2024/12/17 08:42:54.185 [AWT-EventQueue-0] INFO   cgdp.corealign.GenomeData *** genome.chromosomes = 2
2024/12/17 08:42:54.185 [AWT-EventQueue-0] INFO   cgdp.corealign.GenomeData *** genome.chromosomes = 1
2024/12/17 08:42:54.186 [AWT-EventQueue-0] INFO   cgdp.corealign.GenomeData *** genome.chromosomes = 2
2024/12/17 08:42:54.187 [AWT-EventQueue-0] INFO   cgdp.corealign.GenomeData *** genome.chromosomes = 1
2024/12/17 08:42:54.187 [AWT-EventQueue-0] INFO   cgdp.corealign.GenomeData *** genome.chromosomes = 2
2024/12/17 08:42:54.187 [AWT-EventQueue-0] INFO   cgdp.corealign.GenomeData *** genome.chromosomes = 1
2024/12/17 08:42:54.188 [AWT-EventQueue-0] INFO   cgdp.corealign.CompareMapOpt *** tax1582/tax1582.genetab readed
2024/12/17 08:42:54.219 [AWT-EventQueue-0] INFO   cgdp.corealign.CompareMapOpt fileTypeList=[]
2024/12/17 08:42:54.309 [AWT-EventQueue-0] INFO   cgdp.corealign.CompGenomeMap *** g.chromosomes.size() = 3
2024/12/17 08:42:54.310 [AWT-EventQueue-0] INFO   cgdp.corealign.CompGenomeMap *** g.chromosomes.size() = 2
2024/12/17 08:42:54.310 [AWT-EventQueue-0] INFO   cgdp.corealign.CompGenomeMap *** g.chromosomes.size() = 2
2024/12/17 08:42:54.310 [AWT-EventQueue-0] INFO   cgdp.corealign.CompGenomeMap *** g.chromosomes.size() = 1
2024/12/17 08:42:54.310 [AWT-EventQueue-0] INFO   cgdp.corealign.CompGenomeMap *** g.chromosomes.size() = 2
2024/12/17 08:42:54.310 [AWT-EventQueue-0] INFO   cgdp.corealign.CompGenomeMap *** g.chromosomes.size() = 1
2024/12/17 08:42:54.310 [AWT-EventQueue-0] INFO   cgdp.corealign.CompGenomeMap *** g.chromosomes.size() = 2
2024/12/17 08:42:54.310 [AWT-EventQueue-0] INFO   cgdp.corealign.CompGenomeMap *** g.chromosomes.size() = 1
2024/12/17 08:42:54.383 [AWT-EventQueue-0] INFO   cgdp.corealign.CoreGenome refsp=gm04274
2024/12/17 08:42:54.409 [AWT-EventQueue-0] INFO   cgdp.corealign.CoreGenome refsp=gm04274
2024/12/17 08:42:54.436 [AWT-EventQueue-0] INFO   cgdp.corealign.ComparativeMapDrawer map json={
	"lcx": [
		"LCA12A_RS00005"
	],
	"lcw": [
		"BN194_RS00005"
	],
	"gm05066": [
		"LCACT_RS00005"
	],
	"lcb": [
		"LCABL_RS00005"
	],
	"gm04274": [
		"LBCZ_RS00005"
	],
	"gm10478": [
		"DYY97_RS14460"
	],
	"gm08549": [
		"BGL52_RS00005"
	],
	"gm05061": [
		"LCYAK_RS00005"
	]
}
2024/12/17 08:42:54.436 [AWT-EventQueue-0] INFO   cgdp.corealign.ComparativeMapDrawer spList=[
	"gm04274",
	"gm05061",
	"gm05066",
	"gm08549",
	"gm10478",
	"lcb",
	"lcw",
	"lcx"
]
2024/12/17 08:42:59.903 [AWT-EventQueue-0] INFO   cgdp.corealign.ComparativeMapViewer statusfile=E:\MBGD\00.CoreAlign\test.taxTest\tax1582/tax1582.coaln.status
2024/12/17 08:43:15.542 [main] INFO   cgdp.corealign.CompareMapOpt --- Compare map options  ---
2024/12/17 08:43:15.544 [main] INFO   cgdp.corealign.CompareMapOpt refsp=null
2024/12/17 08:43:15.544 [main] INFO   cgdp.corealign.CompareMapOpt centerGene=null
2024/12/17 08:43:15.544 [main] INFO   cgdp.corealign.CompareMapOpt center=null
2024/12/17 08:43:15.544 [main] INFO   cgdp.corealign.CompareMapOpt nolink=true
2024/12/17 08:43:15.545 [main] INFO   cgdp.corealign.CompareMapOpt ConsRatio=0.8
2024/12/17 08:43:15.546 [main] INFO   cgdp.corealign.CompareMapOpt paper=null
2024/12/17 08:43:15.546 [main] INFO   cgdp.corealign.CompareMapOpt paper_width=1200
2024/12/17 08:43:15.546 [main] INFO   cgdp.corealign.CompareMapOpt paper_height=1600
2024/12/17 08:43:15.546 [main] INFO   cgdp.corealign.CompareMapOpt view_width=0
2024/12/17 08:43:15.546 [main] INFO   cgdp.corealign.CompareMapOpt colroMode=RGB
2024/12/17 08:43:15.546 [main] INFO   cgdp.corealign.CompareMapOpt shadow=null
2024/12/17 08:43:15.547 [main] INFO   cgdp.corealign.CompareMapOpt colorIslandMode=false
2024/12/17 08:43:15.547 [main] INFO   cgdp.corealign.CompareMapOpt chromosomeGapLen=10000
2024/12/17 08:43:15.547 [main] INFO   cgdp.corealign.CompareMapOpt chromosomeGapLenRatio=0.05
2024/12/17 08:43:15.547 [main] INFO   cgdp.corealign.CompareMapOpt moveWithinChrom=false
2024/12/17 08:43:15.547 [main] INFO   cgdp.corealign.CompareMapOpt orderFile=null
2024/12/17 08:43:15.547 [main] INFO   cgdp.corealign.CompareMapOpt altNameFile=null
2024/12/17 08:43:15.547 [main] INFO   cgdp.corealign.CompareMapOpt ----------------------------
2024/12/17 08:43:21.798 [AWT-EventQueue-0] INFO   cgdp.corealign.CompareMapOpt *** genefile=tax1582/tax1582.genetab readed
2024/12/17 08:43:21.800 [AWT-EventQueue-0] INFO   cgdp.corealign.GeneData ... genome.chromosomes.size() = gm04274, 0
2024/12/17 08:43:21.830 [AWT-EventQueue-0] INFO   cgdp.corealign.GeneData ... genome.chromosomes.size() = gm05061, 0
2024/12/17 08:43:21.851 [AWT-EventQueue-0] INFO   cgdp.corealign.GeneData ... genome.chromosomes.size() = gm05066, 0
2024/12/17 08:43:21.864 [AWT-EventQueue-0] INFO   cgdp.corealign.GeneData ... genome.chromosomes.size() = gm08549, 0
2024/12/17 08:43:21.875 [AWT-EventQueue-0] INFO   cgdp.corealign.GeneData ... genome.chromosomes.size() = gm10478, 0
2024/12/17 08:43:21.885 [AWT-EventQueue-0] INFO   cgdp.corealign.GeneData ... genome.chromosomes.size() = lcb, 0
2024/12/17 08:43:21.900 [AWT-EventQueue-0] INFO   cgdp.corealign.GeneData ... genome.chromosomes.size() = lcw, 0
2024/12/17 08:43:21.911 [AWT-EventQueue-0] INFO   cgdp.corealign.GeneData ... genome.chromosomes.size() = lcx, 0
2024/12/17 08:43:21.921 [AWT-EventQueue-0] INFO   cgdp.corealign.GeneData +++ genome.chromosomes.size() = lcx, 1
2024/12/17 08:43:21.921 [AWT-EventQueue-0] INFO   cgdp.corealign.GeneData +++ genome.chromosomes.size() = lcw, 2
2024/12/17 08:43:21.921 [AWT-EventQueue-0] INFO   cgdp.corealign.GeneData +++ genome.chromosomes.size() = gm05066, 2
2024/12/17 08:43:21.922 [AWT-EventQueue-0] INFO   cgdp.corealign.GeneData +++ genome.chromosomes.size() = lcb, 1
2024/12/17 08:43:21.922 [AWT-EventQueue-0] INFO   cgdp.corealign.GeneData +++ genome.chromosomes.size() = gm04274, 3
2024/12/17 08:43:21.922 [AWT-EventQueue-0] INFO   cgdp.corealign.GeneData +++ genome.chromosomes.size() = gm10478, 2
2024/12/17 08:43:21.923 [AWT-EventQueue-0] INFO   cgdp.corealign.GeneData +++ genome.chromosomes.size() = gm08549, 1
2024/12/17 08:43:21.923 [AWT-EventQueue-0] INFO   cgdp.corealign.GeneData +++ genome.chromosomes.size() = gm05061, 2
2024/12/17 08:43:21.923 [AWT-EventQueue-0] INFO   cgdp.corealign.GenomeData *** genome.chromosomes = 3
2024/12/17 08:43:21.923 [AWT-EventQueue-0] INFO   cgdp.corealign.GenomeData *** genome.chromosomes = 2
2024/12/17 08:43:21.924 [AWT-EventQueue-0] INFO   cgdp.corealign.GenomeData *** genome.chromosomes = 2
2024/12/17 08:43:21.924 [AWT-EventQueue-0] INFO   cgdp.corealign.GenomeData *** genome.chromosomes = 1
2024/12/17 08:43:21.924 [AWT-EventQueue-0] INFO   cgdp.corealign.GenomeData *** genome.chromosomes = 2
2024/12/17 08:43:21.925 [AWT-EventQueue-0] INFO   cgdp.corealign.GenomeData *** genome.chromosomes = 1
2024/12/17 08:43:21.925 [AWT-EventQueue-0] INFO   cgdp.corealign.GenomeData *** genome.chromosomes = 2
2024/12/17 08:43:21.925 [AWT-EventQueue-0] INFO   cgdp.corealign.GenomeData *** genome.chromosomes = 1
2024/12/17 08:43:21.926 [AWT-EventQueue-0] INFO   cgdp.corealign.CompareMapOpt *** tax1582/tax1582.genetab readed
2024/12/17 08:43:21.938 [AWT-EventQueue-0] INFO   cgdp.corealign.CompareMapOpt fileTypeList=[]
2024/12/17 08:43:21.990 [AWT-EventQueue-0] INFO   cgdp.corealign.CompGenomeMap *** g.chromosomes.size() = 3
2024/12/17 08:43:21.990 [AWT-EventQueue-0] INFO   cgdp.corealign.CompGenomeMap *** g.chromosomes.size() = 2
2024/12/17 08:43:21.990 [AWT-EventQueue-0] INFO   cgdp.corealign.CompGenomeMap *** g.chromosomes.size() = 2
2024/12/17 08:43:21.991 [AWT-EventQueue-0] INFO   cgdp.corealign.CompGenomeMap *** g.chromosomes.size() = 1
2024/12/17 08:43:21.991 [AWT-EventQueue-0] INFO   cgdp.corealign.CompGenomeMap *** g.chromosomes.size() = 2
2024/12/17 08:43:21.991 [AWT-EventQueue-0] INFO   cgdp.corealign.CompGenomeMap *** g.chromosomes.size() = 1
2024/12/17 08:43:21.991 [AWT-EventQueue-0] INFO   cgdp.corealign.CompGenomeMap *** g.chromosomes.size() = 2
2024/12/17 08:43:21.991 [AWT-EventQueue-0] INFO   cgdp.corealign.CompGenomeMap *** g.chromosomes.size() = 1
2024/12/17 08:43:22.042 [AWT-EventQueue-0] INFO   cgdp.corealign.CoreGenome refsp=gm04274
2024/12/17 08:43:22.068 [AWT-EventQueue-0] INFO   cgdp.corealign.CoreGenome refsp=gm04274
2024/12/17 08:43:22.092 [AWT-EventQueue-0] INFO   cgdp.corealign.ComparativeMapDrawer map json={
	"lcx": [
		"LCA12A_RS00005"
	],
	"lcw": [
		"BN194_RS00005"
	],
	"gm05066": [
		"LCACT_RS00005"
	],
	"lcb": [
		"LCABL_RS00005"
	],
	"gm04274": [
		"LBCZ_RS00005"
	],
	"gm10478": [
		"DYY97_RS14460"
	],
	"gm08549": [
		"BGL52_RS00005"
	],
	"gm05061": [
		"LCYAK_RS00005"
	]
}
2024/12/17 08:43:22.092 [AWT-EventQueue-0] INFO   cgdp.corealign.ComparativeMapDrawer spList=[
	"gm04274",
	"gm05061",
	"gm05066",
	"gm08549",
	"gm10478",
	"lcb",
	"lcw",
	"lcx"
]
2025/01/22 15:46:27.124 [main] INFO   cgdp.corealign.CompareMapOpt --- Compare map options  ---
2025/01/22 15:46:27.126 [main] INFO   cgdp.corealign.CompareMapOpt refsp=null
2025/01/22 15:46:27.127 [main] INFO   cgdp.corealign.CompareMapOpt centerGene=null
2025/01/22 15:46:27.127 [main] INFO   cgdp.corealign.CompareMapOpt center=null
2025/01/22 15:46:27.127 [main] INFO   cgdp.corealign.CompareMapOpt nolink=true
2025/01/22 15:46:27.128 [main] INFO   cgdp.corealign.CompareMapOpt ConsRatio=0.8
2025/01/22 15:46:27.129 [main] INFO   cgdp.corealign.CompareMapOpt paper=null
2025/01/22 15:46:27.129 [main] INFO   cgdp.corealign.CompareMapOpt paper_width=1200
2025/01/22 15:46:27.129 [main] INFO   cgdp.corealign.CompareMapOpt paper_height=1600
2025/01/22 15:46:27.129 [main] INFO   cgdp.corealign.CompareMapOpt view_width=0
2025/01/22 15:46:27.129 [main] INFO   cgdp.corealign.CompareMapOpt colroMode=RGB
2025/01/22 15:46:27.129 [main] INFO   cgdp.corealign.CompareMapOpt shadow=null
2025/01/22 15:46:27.129 [main] INFO   cgdp.corealign.CompareMapOpt colorIslandMode=false
2025/01/22 15:46:27.129 [main] INFO   cgdp.corealign.CompareMapOpt chromosomeGapLen=10000
2025/01/22 15:46:27.130 [main] INFO   cgdp.corealign.CompareMapOpt chromosomeGapLenRatio=0.05
2025/01/22 15:46:27.130 [main] INFO   cgdp.corealign.CompareMapOpt moveWithinChrom=false
2025/01/22 15:46:27.130 [main] INFO   cgdp.corealign.CompareMapOpt orderFile=null
2025/01/22 15:46:27.130 [main] INFO   cgdp.corealign.CompareMapOpt altNameFile=null
2025/01/22 15:46:27.130 [main] INFO   cgdp.corealign.CompareMapOpt ----------------------------
2025/01/22 15:46:37.964 [AWT-EventQueue-0] INFO   cgdp.corealign.CompareMapOpt *** genefile=tax1582/tax1582.genetab readed
2025/01/22 15:46:37.973 [AWT-EventQueue-0] INFO   cgdp.corealign.GeneData ... genome.chromosomes.size() = gm04274, 0
2025/01/22 15:46:38.040 [AWT-EventQueue-0] INFO   cgdp.corealign.GeneData ... genome.chromosomes.size() = gm05061, 0
2025/01/22 15:46:38.064 [AWT-EventQueue-0] INFO   cgdp.corealign.GeneData ... genome.chromosomes.size() = gm05066, 0
2025/01/22 15:46:38.076 [AWT-EventQueue-0] INFO   cgdp.corealign.GeneData ... genome.chromosomes.size() = gm08549, 0
2025/01/22 15:46:38.088 [AWT-EventQueue-0] INFO   cgdp.corealign.GeneData ... genome.chromosomes.size() = gm10478, 0
2025/01/22 15:46:38.102 [AWT-EventQueue-0] INFO   cgdp.corealign.GeneData ... genome.chromosomes.size() = lcb, 0
2025/01/22 15:46:38.117 [AWT-EventQueue-0] INFO   cgdp.corealign.GeneData ... genome.chromosomes.size() = lcw, 0
2025/01/22 15:46:38.130 [AWT-EventQueue-0] INFO   cgdp.corealign.GeneData ... genome.chromosomes.size() = lcx, 0
2025/01/22 15:46:38.148 [AWT-EventQueue-0] INFO   cgdp.corealign.GeneData +++ genome.chromosomes.size() = lcx, 1
2025/01/22 15:46:38.148 [AWT-EventQueue-0] INFO   cgdp.corealign.GeneData +++ genome.chromosomes.size() = lcw, 2
2025/01/22 15:46:38.148 [AWT-EventQueue-0] INFO   cgdp.corealign.GeneData +++ genome.chromosomes.size() = gm05066, 2
2025/01/22 15:46:38.148 [AWT-EventQueue-0] INFO   cgdp.corealign.GeneData +++ genome.chromosomes.size() = lcb, 1
2025/01/22 15:46:38.150 [AWT-EventQueue-0] INFO   cgdp.corealign.GeneData +++ genome.chromosomes.size() = gm04274, 3
2025/01/22 15:46:38.150 [AWT-EventQueue-0] INFO   cgdp.corealign.GeneData +++ genome.chromosomes.size() = gm10478, 2
2025/01/22 15:46:38.151 [AWT-EventQueue-0] INFO   cgdp.corealign.GeneData +++ genome.chromosomes.size() = gm08549, 1
2025/01/22 15:46:38.151 [AWT-EventQueue-0] INFO   cgdp.corealign.GeneData +++ genome.chromosomes.size() = gm05061, 2
2025/01/22 15:46:38.151 [AWT-EventQueue-0] INFO   cgdp.corealign.GenomeData *** genome.chromosomes = 3
2025/01/22 15:46:38.152 [AWT-EventQueue-0] INFO   cgdp.corealign.GenomeData *** genome.chromosomes = 2
2025/01/22 15:46:38.152 [AWT-EventQueue-0] INFO   cgdp.corealign.GenomeData *** genome.chromosomes = 2
2025/01/22 15:46:38.153 [AWT-EventQueue-0] INFO   cgdp.corealign.GenomeData *** genome.chromosomes = 1
2025/01/22 15:46:38.153 [AWT-EventQueue-0] INFO   cgdp.corealign.GenomeData *** genome.chromosomes = 2
2025/01/22 15:46:38.153 [AWT-EventQueue-0] INFO   cgdp.corealign.GenomeData *** genome.chromosomes = 1
2025/01/22 15:46:38.153 [AWT-EventQueue-0] INFO   cgdp.corealign.GenomeData *** genome.chromosomes = 2
2025/01/22 15:46:38.154 [AWT-EventQueue-0] INFO   cgdp.corealign.GenomeData *** genome.chromosomes = 1
2025/01/22 15:46:38.154 [AWT-EventQueue-0] INFO   cgdp.corealign.CompareMapOpt *** tax1582/tax1582.genetab readed
2025/01/22 15:46:38.202 [AWT-EventQueue-0] INFO   cgdp.corealign.CompareMapOpt fileTypeList=[]
2025/01/22 15:46:38.308 [AWT-EventQueue-0] INFO   cgdp.corealign.CompGenomeMap *** g.chromosomes.size() = 3
2025/01/22 15:46:38.308 [AWT-EventQueue-0] INFO   cgdp.corealign.CompGenomeMap *** g.chromosomes.size() = 2
2025/01/22 15:46:38.308 [AWT-EventQueue-0] INFO   cgdp.corealign.CompGenomeMap *** g.chromosomes.size() = 2
2025/01/22 15:46:38.308 [AWT-EventQueue-0] INFO   cgdp.corealign.CompGenomeMap *** g.chromosomes.size() = 1
2025/01/22 15:46:38.308 [AWT-EventQueue-0] INFO   cgdp.corealign.CompGenomeMap *** g.chromosomes.size() = 2
2025/01/22 15:46:38.308 [AWT-EventQueue-0] INFO   cgdp.corealign.CompGenomeMap *** g.chromosomes.size() = 1
2025/01/22 15:46:38.309 [AWT-EventQueue-0] INFO   cgdp.corealign.CompGenomeMap *** g.chromosomes.size() = 2
2025/01/22 15:46:38.309 [AWT-EventQueue-0] INFO   cgdp.corealign.CompGenomeMap *** g.chromosomes.size() = 1
2025/01/22 15:46:38.486 [AWT-EventQueue-0] INFO   cgdp.corealign.CoreGenome refsp=gm04274
2025/01/22 15:46:38.536 [AWT-EventQueue-0] INFO   cgdp.corealign.CoreGenome refsp=gm04274
2025/01/22 15:46:38.566 [AWT-EventQueue-0] INFO   cgdp.corealign.ComparativeMapDrawer map json={
	"lcx": [
		"LCA12A_RS00005"
	],
	"lcw": [
		"BN194_RS00005"
	],
	"gm05066": [
		"LCACT_RS00005"
	],
	"lcb": [
		"LCABL_RS00005"
	],
	"gm04274": [
		"LBCZ_RS00005"
	],
	"gm10478": [
		"DYY97_RS14460"
	],
	"gm08549": [
		"BGL52_RS00005"
	],
	"gm05061": [
		"LCYAK_RS00005"
	]
}
2025/01/22 15:46:38.568 [AWT-EventQueue-0] INFO   cgdp.corealign.ComparativeMapDrawer spList=[
	"gm04274",
	"gm05061",
	"gm05066",
	"gm08549",
	"gm10478",
	"lcb",
	"lcw",
	"lcx"
]
